link, hash
www.simplycast.com, f015da22facec213a8b6027a2b9e182802591e8d
www.cobalt.io, ace58761100fa9b7f0b60e8289432d42399e2c46
www.pastorchrisliveusa.com, adf4540d187fb574595e4c19c6f7e8332c135273
www.bizjournals.com/sanjose/news/2017/02/08/hackerone-dragoneer-bug-hacking-bounty-startup.html, 9a9a9dee28a47f1a9c6a65a6abf8a5b8c9474506
www.spotlight.com/interactive/cv/0358-9086-7967, 998df7db1d14802bbf5b5061828752cb8f1914c9
www.sailpoint.com, 1136e788101d623fd5f87a3cafd0de7f12873cdb
www.socialflow.com, d5259480c47e90974ed34c37538976616061c1bf
www.coindesk.com/trader-sues-okcoin-lost-litecoin/, b4362f0cb44d2d7441e2d3812811ce72cad5aa76
www.socialjukebox.com, c21c705761dff61aab7bd1ab34eee0b1578d5df4
www.youtube.com/watch?v=7onf-eetbww, e777a971440428383a5e18f417a440c98b886183
www.systron.hu, b967b920ee0721832440d33af9ea7684d5e864a5
www.zenedge.com, 43162d752a3577c8361524bbeda14bc589c86bc3
www.hannabrooksolsen.com, 2a6960e53d68505a183bac77e2320ab88f2a6965
www.bellingcat.com/author/nathanpatin/, bb3eba33f7fd42e9d7f8214646c2fbae2bfb77dc
www.instagram.com/agmaldonado8301/, ad53bb2ffffbb21b8928d16839a294bb0f46cb7e
www.americabutbetter.com, 5739f2e4e2f5d6f814564a185ddf473120540db6
www.azimuthsecurity.com/, 4d25345dc609ce4ded3441976068448ce25e4557
www.buzzfeed.com/jamesball, cd48620424f1da44baccd02e5953e5e70331386b
www.howlonguntiltrumpleaves.com, 541c0613dada9f72e0166eec4c88a7a6ca438535
www.amazon.com/women-tech-practical-inspiring-stories/dp/1632170663, 7a7536edd09e059cdbd07f983b28c4a5fd0da21c
www.reversiblelabs.com, c1bbeeb7f78c3b13f06c0f0e9e687b217111250c
www.halseystore.com, e888a96336881a861e9f8625b91e8a6424891276
www.afteractionreporting.com/single-post/2017/02/08/goodguy-hackers-expose-more-details-about-pizzagate-it-is-real-folks, f273346b465bac4e3f0c3d13a4cae398f13c840a
www.redhawksecurity.com, 03382ad11e66ac45ae88bc1955dc90bb3bb07039
www.viridian.com, 32189885e5e4b6772c5d73d466fea00b45007d14
www.tradezero.co, 9fbcdfbcabb95f660d9b4b9542ff0a3ad4375449
www.facebook.com/#!/tomas.a.cardoso.3, 8a4a178cafce54afb915056f5d1dc1aac6b0ec01
www.behance.net/angieskazka, 5ce9a83a56da7d66479658b7330fd35e8242f6d8
www.elasticgrid.com, c31e5be0f50c3eb84cb09f08fc5ccd929c22ac9c
www.cidsecure.com, cb82793d1869e684ec46b853395a5a09dfceccce
www.einsteinbros.com, 4b8ce3684b94a74558624af9d05d4fe96cc1834f
www.karencann.co.uk, 2d26114e4a412f20babc35284b0230a615c9d265
www.kaspersky.co.in, 54e064815cec8d6b73d10dc736d73190593bc232
www.fusionelectronix.com/, 3afc792653d8067205be20d2c086ee4cd7bd1e1c
www.about.me/ericmichaud, 1bb0325110cd266ab7a6f00b27eff524656268fb
www.thestreet.com/amp/story/13992965/1/fortinet-thrives-on-growth-prospects-from-cybersecurity-solutions.html, 7041d8d45de4bcea389f130a00a1a3a3baceca3b
www.wavy.com, 75737e49c6df01e52cebb2bed4f9d99230271633
www.sarahkendzior.com, d2af1b3a30af1dd5d1a596d04c145a8c5cab2ff5
www.solarwindsmsp.com, a3aa7d6b9defa26d50a3ccdd8683245a6210224e
www.malwaretech.com/, 8162b79e8943164c680d833ff31c75e13104dbb3
www.secretservice.gov, 80845bc6ecaa8e412adc3c81564b69f9bc18ae94
www.elssolutions.co.uk, 565699dc757386ff2b00843e16bf2d78bcb3f8d7
www.liddicoatgoldhill.com, 762af4c08ea90cb93ebe870cd90965fcffc9c729
www.instagram.com/iamchustephanie, 7d6c87115304047702df24cc10b182a844f48397
www.etsy.com/listing/223653209/complete-set-golden-girls-prayer-candles, b18eb79aa7cb46d96cfa04bafc38d496f8b8b73c
www.bahdal.com, d5bb574a119a81b49549d6630859aa9ef548eafc
www.gabrielguita.com, db69bbfc68bc8bac34e66cd24db178a192dd42b1
www.actionfraud.police.uk, cf854203eab6bcee2bc6a4727679e8f8612310c9
www.vintagemia.com, 2e6db23b4edf88639faca24c5849b1f938ba2af4
www.athanasiusreport.com/, 13555a8318ba3f3b82f5d04d98701dc3d2466b1f
www.orduh.com, 6b5f42cf66ae89675133e816a846b1b6efe444c2
www.bitdefender.com, bdbf4dcc56584b5176516d287388f83a0edb7695
www.rsaconference.com/events/us17/agenda/sessions/5104-isolating-the-ghost-in-the-machine-unveiling-post-exploitation-threats, 64a9e2c97c4ef2c4f1542412e1dcbcea0c37381e
www.ibm.com/security, 8a475e56db8596a6c61ed55b85b9a0727b09f210
www.paulspoerry.com, 70df1dc61dda23ed1dba29a996c11d1133f6105c
www.meritalk.com, ef473f4ff00b82f1a0c470f5711243c4352a24f8
www.seccoaura.com, 0f1de02b296b5e21ec86f33662673e0511a68fec
www.netizencorp.com, 3775cb4c1c11ea31a4ad52341aa99701d499f8f2
www.ittagesschau.de, 2fc5eb35426c8405063304bd8aa6ed62bbd5c5c1
www.bonniemckeeofficial.com/, e588a35a4f18016bb57cbe052534ac8b3b8be5e7
www.about.me/rabidbadger, 217f46914655eb4a468baa437e5ba03b88bb1656
www.merit.edu, 887907803967a48c42f20369926896a9100aa3ed
www.securecybersolution.com, 5d36bd114b198417b0cfc7c3aeeaee52ea4025a9
www.level9solutions.com, c118281356e1c5ba984fb3b8b5b0e8ab3edc532e
www.twitch.tv/i_saw_a_bear/profile, 0140d01d0b36e86732131ebf278cbfd475266cad
www.express.co.uk, 166a44f1c05e3bc3ce4d388292237659046ffe27
www.corbelssecurityservices.co.uk, 5863675f07632eaaf0f84d180973852dde1297a7
www.mailchimp.com, b192415e3fcc9eadea0ed20aad753e01df9a616f
www.aerlingus.com, 934a1041791db9187f33a705d3b8d62216dc3eb0
www.wired.com/2017/02/tom-bossert-trump-cybersecurity/, 543fe6f1309fabf6a4e8cf220370cd7f81d876b7
www.dataconnectors.com, 4445b978e3781b5554ea34a5264e0cd4d8759128
www.fairdanmark.dk, 177bc76d553283f4cbbbed3e057f9c7b29668346
www.forbes.com/sites/leemathews/2017/02/09/new-mac-malware-found-hiding-in-a-fake-adobe-flash-update/, 69dbecd2884beda636726c94df5ffd0824bbfba5
www.theguardian.com, aa8aac5ca418cb1b6e0048c001584d87b4e48d6d
www.usda.gov/oig/webdocs/50501-0012-12(2).pdf, 936b6b0a1b91bcbcf0a0b80198b3b0e91bab2e01
www.superpowered.email, bf3932de1535d57e2785369ab2ec19226ae03f9b
www.tweetsuite.com/, 3ca27fa32798561c8c3e3e8b40631f606a388839
www.instagram.com/p/bqs-kraldka/, 1004fa02524aba4aeeb981a832c891b1b8387831
www.getstacker.com, e315045eb3cb5feb4614d31367e0526aa9a0a73e
www.grahamcluley.com, a3fbd9a764c26b302ae1b826c368638312a6b87f
www.toolsoftitans.com, 7d29e7edf3fdb0a93c2222f3c3b9c8fd69f499bb
www.ciosynergy.com, 487dda0f82a7da83366cdaec09667a4148962ecb
www.sneakerscustom.com, 0f1098c99a9c3f93e0de7ef968f6f38630acb81d
www.videoclip.bg/user/energyevgataevgeni, 0799abffa4a15aa873f8cad67fae8a72cd3236c0
www.avlsinstallers.com, 6af3d9edd967c8d58820a3b0a7b1ad41d455ded3
www.schneier.com/blog/archives/2017/02/cryptkeeper_bug.html, e881306b8939456b82d0022ac2585bf783158771
www.cbc.ca/news/canada/british-columbia/bcliberals-hacking-proof-1.3972580?cmp=news-digests-british-columbia, 21570d28ab54355ff5baafe86b25d96367499841
www.keepersecurity.com, 415305d8eca7b557c213f6354d0f4e0277ea751c
www.broadwayworld.com/bwwtv/article/digital-survivalist-andy-quitmeyer-is-hacking-the-wild-in-new-science-channel-series-premiering-215-20170125, f406a5fdd2db61ab874e7fb575db8375a3a4a8be
www.theresistanceparty.org/, bac13954790b312e79b4b91b99bfee248f7b07c1
www.rawstory.com/2017/02/amid-russias-election-hacking-house-republicans-vote-to-terminate-voting-security-agency/, 468adba4eba745e80ee33e7b9c6675141e636e04
www.chelseahandler.com, 086557d796d9809333e8a70c2634c270d63eeddc
www.infosecurity-magazine.com/news/contractor-faces-maximum-200-year/, 2c2bf236cf1de46e2a59f4d62ba40576d1789048
www.rtl.fr/actu/conso/arnaque-au-phishing-la-negligence-du-client-doit-etre-prouvee-par-la-banque-7787148276, 345a19336306b6dc9e32111b32c742d84760b965
www.cavelis.net/plan, b9e7dbf1042302bb5681c4f1a3d6c700bfded60f
www.inshorts.com/en/news/over-700-govt-websites-hacked-in-4-years-govt-1486527584092, c13ea281e135213e50ed25d2bea7c167557392d6
www.esentire.com/, b0a149a6c0d120fd3ad044f75c90806a0892fdc8
www.cybercrime.as.ua.edu, 86a756c33d628f5f516e83afa24bc1d4cb12b79a
www.linkedin.com/in/christopherdanvers, 4d620bd646340c81280d3ea8d66e0e6e3687244a
www.cultofmac.com/466138/new-mac-malware-targets-microsoft-word-users/?utm_campaign=new-mac-malware-targets-microsoft-word-users, 7a35c4c5dd7107f9088aee9fff9af7d3c84cb1d2
www.theblacktapespodcast.com, 402ca2a583a767f83b213085f82348244f9ae4d2
www.mindfintech.fr, f8ccadfb3060e5f863906b091c564dbb923d31d6
www.bloomberg.com/news/articles/2017-02-08/vc-firms-back-record-number-of-cybersecurity-startups-in-2016, 25967d25d5d4503ae30c87d78c26414ae537abc6
www.spreaker.com/user/brndnarneson, b1db77791290ef3908cf1852b53584df5a7da219
www.smarttech247.com, 1cbda136695f4735d41c9a44f7431ac9d1eb1203
www.msstate.edu/, dba8107a9d4232dd1188b85b04c01e414ab6b294
www.safebreach.com, 429ee67adf0e4bd44c4302ee737749c657ac98d4
www.pushpayments.com, 37a3262041925f95aec46b853edda47d81fac91a
www.businessinsider.com/author/natasha-bertrand, 21fa72f6ed57b84e52fccf1cf60a9d7acf65bc1e
www.scmagazine.com/attackers-steal-from-atms-after-infecting-banks-with-memory-only-malware/article/637029/, 149021513e95030a4a10064d3a6625da172db591
www.gocathedral.com/technology, 8238bf130fe229bb1a26db9e77e41385fb57e3ed
www.twitch.tv/mrcrazyface98, 37ad4729d12fbe2bef7611ec1facb2afc856fb14
www.defenseone.com/threats/2017/02/suspicious-death-and-three-cyber-arrests-points-new-twist-us-election-hack/135048/?oref=defenseonetco, eb433f151910a3cb022fec399cda6874dc253031
www.alliotts.com/, 134c5412a753015b9f43dc690164678e7b06a28d
www.iphonehacks.com, ac15a4d465fa9f77d22fcfc743a46e9703885dad
www.facebook.com/groups/484445651594896/, 03c0113eda51c03b18099d465a4774424ebbe3c4
www.pressprogress.ca, f5d4679b5009d66dc6209e3a0c40bb15afbf7d96
www.researchgate.net/profile/rafael_ramirez_morales, e649008ecc6001e4866a81ad6fc3843bcd96f6cf
www.atopgunpcandnetworking.com, 73700339700968d60d153ae89f02aee1b1c3be5f
www.upguard.com, 96f3cd0d841fc8a26a735a6c20e2f8c0c50d2ce8
www.tacticaltech.org, 028e0ab98dcdebe74ef3fcc10759fa43d9f9ec9d
www.traceynoelleluz.com, e67ac478239fa7a15b7f51a32ea13a4d12059666
www.theregister.co.uk/amp/2017/02/08/steam_vulnerability/, 9de5c24417dcff29f0af2f206eed60d733accc6e
www.barrosontheroad.com, d97e0158c05678075b53d24407bc011760494828
www.thestyleshoes.com/, aa38a62915f4cfca407bc521d12f8e69648eb3f3
www.conscioustech.com, 8c862036ce8374a468997812b5ff87a35d888a8d
www.revbits.com, cf9ba787276f460f8a90cb6a6e0b9e5a7d889b48
www.nytimes.com/column/the-public-editor, 2f305b0daaa8d37c83f639ec367f2b28713e3411
www.facebook.com/#!/112puttershoek, bd041d45ab3d76dfcfeabb64151ac040dad87a5d
www.aiotinnovations.com, aa9631c3cf2496cb6c844e55473b69179f51897f
www.standuprepublic.com, 5c018b4167b862f14affb41ad2e77b0330e2795f
www.irishnews.com/news/2017/02/10/news/hacker-reveals-contacts-with-russian-spy-agency-926781/?param=ds441rif44t, 7ab10f95501c8e0687244b160b46f0f065bee9ac
www.schneier.com/blog/, cafeb74ce0e05d8ae2cb542824906cbd7a975628
www.friendsoftheuschamber.com, bc32720c150731ceced021f6a46300f5027ca83b
www.fastcoexist.com/, df075ae447c9da83af0d160a75c9fe874c43a3e1
www.grahamcluley.com/tried-and-true-triada-supplants-hummingbad-as-top-mobile-malware/, a5a8d647b262af1839e24a8e57d0e5debdcb9920
www.progtopiabooks.com, 685caa080df09525662750554ea5c1514cab54b1
www.investmentnews.com/article/20170207/free/170209931/most-advisers-cybersecurity-training-insufficient, 8bc5b3f18bd755740784687f15e4db08b7697ccf
www.blackcert.com, 344450b87aa4a52c821bdad46d35b1a85424b9eb
www.slideshare.net/dafthack/beyond-the-pentest-how-c2-internal-pivoting-and-data-exfiltration-show-true-risk-59678824, 8dbe87c9c7f37760eaf33fd48fddab95c27637e0
www.generation-nt.com/nsa-harold-martin-vol-outils-hacking-tao-actualite-1939093.html, 61b814f84bfbc8d437fb16e15df5901fbda3a6e3
www.trendmicro.com/vinfo/us/threat-encyclopedia/malware/elf_beikdor.w, 1f6c1bd413b0232f5eae7dda5352e59518005292
www.thepatriotherald.com, 6eb09ccc76e30425c092f02c495b3852ad7c6fa9
www.businessinsider.com, 42f81a37300e5392af17a714351251831df423ec
www.rollcall.com/author/seanmcminncqrollcall-com, fadc62ebea74db47009a488593b1c81c20b8a43f
www.twitch.tv/hastalavistabob, aad5c353ca66f5ef55c9a364a99f80c4f6392abc
www.facebook.com/#!/michaelsatorvotaforzanuova?fref=ts, cbc7a4b0aacf5fe6f2815b2ede2509e029cf95a6
www.theatlantic.com/technology/archive/2017/02/what-happened-to-trumps-secret-hacking-intel/515889/, 6391ce21cc8816c106a4e70af11628146b723bcc
www.escanav.com, 499a58ce6d8e060627ee1bfc0953b8d5190426a1
www.cs.ox.ac.uk/people/meredydd.williams/, 78333aa451ef547b006000c2c03a5d913503fac5
www.appmarsh.com, c6411cd91176ad3e360ea25688f276cfb7475f53
www.andrusreveron.com, e261c0a4f0b8bb33f3c27a46f9fb759433785273
www.deep-secure.com, aa686a265811ffbe2001c14ae26fd25c4762e861
www.qatarisbooming.com, 7feff44ee295843fe47664fd6fc2b15d0c4d4628
www.instagram.com/realsammye/, 2463184521e2701a54d273558bca2d9f2f75100b
www.clashofclansgemshack.com/, 3f39f8fd02fee6f68e53c2f26c1bb930760436a7
www.instagram.com/mistygirlph/, f5844eb9c5e511f8b6d8d5f0132b375c32072933
www.insecam.org, 22886b3da17aff04dd46bfbc7b4d9b6a10bbc479
www.computing.co.uk, 36bfecddfc0d77359f44c99600497edceae22789
www.hollerbackfilm.com/, 6d7eb339a77d93eec0fb72113d08f6f4cfc8c57f
www.cybersn.com, 539dfa5ee3b60ab9f1e185bbda8a15882a26ed28
www.downsouthnoise.com, 927a991433b0a3632cfc5b7dadca86b77b7df7c4
www.thewampler.com, 2efe576bf8a066391a8abca907f21c5126f54d2a
www.networkerstechnology.com, b252bb4a1040dc81afe08537975f522d8c84cca8
www.theposhconnect.com, 4de4465457bab11c23fd7904b500b098865ce292
www.appsecconsulting.com/, 338343e3f8c401ea22adc34860b3aa05a083a079
www.technologycoaching.co.uk/#technologycoaching, af738ac823a85a21a6d28efc9d5febdabae1f1da
www.bitfeed.co/, a59367c02a054550d6b5e1d4597b9e2e737e491b
www.rollcall.com/news/politics/cybersecurity-top-priority-capitol, 91e4a19945d10219b14ff4c92e7f10af71dad887
www.furaffinity.net/user/forgerfox/#shout-41040905, 62007546b182375fa4e1898a8237aea11010896c
www.peerlyst.com/pos/rda7n, 6bbc0c3e80eca1a3594b76e0f6883215c974fb93
www.europol.europa.eu/ec3, e6f5ccf7249a04b41187016c91374b1df369a8f7
www.infosecurity-magazine.com/news/invisible-attacks-breach-40/, f9e3fa91887493c49788019bcb5b619cb53e7be6
www.theregister.co.uk/2017/02/08/honeypots_feature_and_how_to_guide/?mt=1486645650097, fd5691128573f174a6f6b8bb1357e2dde087b99e
www.nathaliezeitoun.com/, b5805d87738f06019e4ad09220e75fb5d60314ef
www.bna.com/world-data-protection-p6718/, 1d889cc3f04fcaaf2739123c5e4e61499d4a449f
www.capgemini.com, 82fe9177f9339e15589b2ae1183dfd31f9e5f177
www.samruston.co.uk, 53f92acdf327676f5202d43b9e607f28fc03a844
www.ultraxconsulting.com, 109a201d8b0df5032c4d4d76e77e444e5e57b1d5
www.instagram.com/thepiersmorgan/, 10c93577d046899d5a591259f48f64ff09766098
www.weswings.com, 07c191a084d1326362e350bcf9e72d9981c066b4
www.twitter.com/aiden_rocknroll, fbab7e3ae2112dd566ded4fc83fd9af5126d9583
www.saltdna.com, 78b925b3cb6817d94d9eb9a55fd7701c6d16d7a9
www.instagram.com/day6kilogram/, 1bfa0d533d084d892bf8aae24ab89216672c3bf7
www.instagram.com/zulashraff_, 362aefd7da256101f2e5d224469ebb186665c8a9
www.igorpureta.com, 6fd16eef0967563ddadcd903f25b9142617e9125
www.zerodaylab.com, 3866e2dcf962683e0ca0852b41f9d9721468ea00
www.redteam-pentesting.de, 446c4de035fc5df9318bd58aa1d78d435c46024f
www.youtube.com/embed/o9h7xuyx1ws, e1d05d8d7eeeed769020bb5f38ffdf013b12373f
www.createspace.com/3470093, a05ba90804c46c7fb85bdc917cee5470a9e04195
www.smartnews.com/, 4bba1350918324c2b313448adfed180beeec1a14
www.scmagazineuk.com/hummingbad-overtaken-as-leading-mobile-malware-in-threat-index/article/637102/, 8deebeadcd20c243234f17013b099ab6de2944df
www.pinterest.com/pin/376613587574200210/, 00db07a6b45b82bd85bdf7d7454c82cb195d595c
www.linkedin.com/profile/view?id=4661414&trk=tab_pro, f4c4dc5699267ca2a0bdc5d1fe7cfdce4483379d
www.lobbycontrol.de/, 6e5b4bc6b509aa504b10428f59b4eb71f8835cfa
www.camelliabrand.com, 969b4f888f1769353260818ee0000fb9c5765e74
www.senate.gov/senators/contact/, 6fbae5b77e0cfbfaabf4c460492628ed72765501
www.cloze.com, b4208eea6673828b8c6d506b0c20784772ff5b14
www.margaretburke.org/, 0e1c73564491485d5beb53e2ecd6e4d5ce3949fc
www.samuelsokol.com, 31fd678826079ee73bfd2d643ec1c87ffe6bb9c3
www.washingtonpost.com/news/powerpost/wp/2017/01/25/senates-investigation-into-alleged-russian-hacking-begins-without-end-in-sight/?utm_term=.e4ecad9ef231, b5800c12089bbf0714f560e005e6a22076c24c26
www.innovativenous.com, af72dbed429873d6e85cc3cfa64460e0001e0bbc
www.malala.org/, 32745ca7732ac68d229e44ca244ec78efef6bc7c
www.justice.gov/opa/pr/yevgeniy-nikulin-indicted-hacking-linkedin-dropbox-and-formspring, 4dbff6576be34a508b40475d56a1c89e8b6d3ded
www.shortoftheweek.com, 4327ed5216a9972ce0cec16ab25109e53f4e2a1a
www.esquire.com/news-politics/a49791/russian-dnc-emails-hacked/, 038682164dc20c865f747846cc76644c11a18b05
www.carbonblack.com, d970b6c498065fcce3e8b1e7b77f4d276563ef55
www.linkedin.com/in/didiervalat, 5b7fc8bf335cc9b2bd2589a2348abe73218345ed
www.thinkngs.com, b0ae52790075754a1431ea95ef065e76c366c954
www.instagram.com/nisrineoea/, 74153f974a25d2cd425fa76a631aa629ec35171e
www.facebook.com/profile.php?id=100011347265024, 1627e2e1030c427d544ca09de0aa701f92ce65c9
www.bloomberg.com/features/2016-how-to-hack-an-election/, 6d848ad239a403faa9e6eec774e5f04dd3d9b347
www.kettlebellkitchen.com, beb292d00e359450e0557c5987531c96bf445fa6
www.koat.com, d5904084050503856771fd531b2b51af3a8fa5e9
www.securefreedom.org, e69454c8ac6e0356cb343a38d1c032db145a8a6f
www.blackducksoftware.com, 4b30628f9445d744ecdd212af7654f61844fa270
www.hootsuite.com, dd316c15b87e2bfc36e34cb5df342d4c14b33600
www.theregister.co.uk/2017/02/08/sophos_invincea/, aff9fbd7d2d479e0cc607f26d205069d837feb64
www.pledgecents.com, 15234d75d80ecfb58cbfbcc1ab045941a8fc3c17
www.illuminetmedia.com, 52ac4aa74f70845add4032fc1a678f017cc956c6
www.retailsecure.co.uk, 46a4d46a975a10a377a7b3eab45d7f8ac15b36f1
www.splcenter.org, a482399d5d6dc9783b098d5ec3625bb92c05f6e8
www.bancodeseries.com.br, 585faaf3713a3426dd015b7ffe08d46df917bb30
www.bbc.com/news/technology-38918498, 83a5dea4c531b9951d34d09ed620ac55acaeb05e
www.mediashower.com, 9f14b668229a80ec395dae4a61b7163412958635
www.smashwords.com/books/view/34527, 982306393b10296a6c04bb9657a0aaa63753a5c7
www.ssh.com/, 652af5fc2ebc95cf77860dfadd7218e0c7bc0395
www.internationalpharmacongress.com/, aefb6b393d7e21ed1874664dbdf3687c00a88412
www.nasdaq.com/article/8-ways-chinas-new-cybersecurity-law-is-bad-news-for-business-cm745534, b67d12c90320d1872e9756b22f3e52b3d009dac0
www.theviewuphere.ca/, e9ad1cab9bd1578792d75150316e8d8c72e1cbe8
www.spacedoutradio.com/home, a4fc40f993451e547177c285766b190a12862cce
www.instagram.com/naufalantezem/, f85c212fea935d79544a579e0f304835a5655eda
www.rtinsights.com/blockchain-technology-and-iot-security/, 7982f059c834722e29cf2a4ab6bdacfb3af5f1f6
www.chrissheng.com, c8715a012552ff5d547650a8e496819e2aa0e5a6
www.realtyonegroup.com/agents/eric-mead-10432/, b2701a80e630eadd0f9b91dba7f041702fb344f2
www.sans.org/pentest2017, b4469ed4158c7aef17dafd151cc726523b94220c
www.passwortfuchs.de, c31062a06bb6ee873a7383906e83f5e7846c32b6
www.websense.com, 6dc064d7cdf533b3a063ff10dc7d92d52e0186b3
www.sarahparcak.com, 6f54157b19edcf8b9d09e6039924374e4df77cf9
www.coussins.co.uk, 84021f18ed919b9ec9939a23cd2306597e1a626a
www.kaspersky.com, a0a73f0e9ad46bc80ca386f178e3f0c65f9c956d
www.urbanbazaar.ae, 743026dc8b8d6ff6534941bb2f650055967e5e50
www.theregister.co.uk/, 9a0ca6adc27a087ee93cfe0f225a5dd35c19db8a
www.instagram.com/nataliehm1/, afa3673663f16f230ce5dbd7de1e73315131e6b2
www.greycastlesecurity.com, 2f71231bae7aed6d947a0885e26b89723f1a6e1b
www.bonaventuresoftware.ca, 8ca6baa0a385bc776ec089b8235e9e704199ef96
www.caltexinteriors.com, 8d900cec6480aaefb7edbf8383934c72e6242b2a
www.netdevgroup.com, 05e59afc5bc935a5378129252e4f08f484ada1cf
www.twu.edu/technology/, 926d5b7d7cdf75535ef1ab2f770681c1a3bc85c9
www.goglobalmedia.com, e97c580c6ddd288355f4cced4f581c71f822ef8d
www.about.me/erikakw, 94131115fb2e840e5f016916cde390375617a28c
www.youtube.com/channel/ucvm1umecfil3rxwcc3eep2a, c538820b582b006b413d3764816c13d32fef5432
www.gamespot.com, 70c31ff1d108eece17bffd6c4e2f087a2f3c2464
www.theregister.co.uk/2017/02/08/stop_its_the_data_police/, 568b57947da3ee3d6c04261eda84491d48a14172
www.govtech.com/security/national-cybersecurity-center-works-quickly-to-help-its-clients-recover.html, 97b624d4a30335aaad8ef41538b21e4f157f954e
www.twitch.tv/galloway843, c1b519edbe7f9da71348a0904dc585fde6f01f28
www.facebook.com/jsscreenwriting, af603aabebfcbb580e03375ff741ebba6796c8c4
www.amazon.com/day-one-365-microstories-wiremesa-ebook/dp/b00ycugndw/ref=sr_1_1?s=books&ie=ut, 1875a8ccdd0c54fdf50b822738534796eabd3978
www.v3.co.uk/v3-uk/news/3004349/banks-and-governments-hit-by-sophisticated-malware-attacks-with-seven-targets-hit-in-uk, 26ce6cc2dd3fb6f80aa97a243dabba3a1a167bcc
www.7thcproductions.com, 50ddd2f59ff04dfdb5be5b4f783538a0ebaf7051
www.instagram.com/p/bqsvhvqdyl9/, fc04513e645a4f3bc9be3f1ecdf92ea539088981
www.wired.com/2017/02/beware-mobile-vpns-arent-safe-seem/, 4837f8839858b82c1ba58ef25d49f4ff75d73332
www.facebook.com/fiamma07, e6d0e0db34ff74cb64876e85cf78eb1665bc6287
www.hubspot.com/, cbc2a4c32f1601a460dd93207fd3482fdbca5ae4
www.akamai.com/es/es/multimedia/documents/white-paper/akamai-mirai-botnet-and-attacks-against-dns-servers-white-paper.pdf, f21fef488b78f58e7b193b36df9c493638c62172
www.cybersecurityintelligence.com/xml.php?type=rss_blog, ac4adb9950c71047593910dc1ffaa8e4a42783c9
www.montanaoutdoorgear.com, 40fa951ed56dc5c7d5869889778a9f9f617a329b
www.veritaschurchpa.org, b20ec8e3a77f8cbc183ca2cdd23112fe6828c43b
www.neoncentury.io, 8914ddaee6d2d0ebe1bd1f77f1adf600eed300e9
www.facebook.com/bbcnews/videos/10154384463152217/, a6b1e83693b35cc043e40a3ffee747be6c520531
www.stanley-robotics.com, a6d0a1b9f5b1c33e375b98ddaba79aaeb38acf57
www.samford.edu/departments/technology-services/security-and-compliance, e69d85e6b94b7be3996d0565589212edf72f7f60
www.eventbrite.co.uk/e/bcmcr-music-data-hack-1-tickets-31324849468, f0aa59086e69b6b76546eddee3fe9507f535b84f
www.redpenbluepen.co.uk, 347a620970a094d716be3ac2efc8c1455971de9b
www.instagram.com/jesomehandrani/, b18f5682b6ba4908e3b296117c6e428b79aedaf7
www.instagram.com/arkelmr, 840766bf4cfe186d2d709016b78f3f50970e7ad8
www.scmagazine.com/study-finds-people-overconfident-in-their-knowledge-of-cybersecurity/article/636874/?dcmp=emc-scus_newswire&spmailingid=16524299&spuserid=mziymda3odi1nzis1&spjobid=960720405&spreportid=otywnziwnda1s0, 40dd1967f046f6f11ef2553b0284beae6195b9ae
www.marist.edu/compscimath/facviewer.html?uid=481, 6a938b31f5aa7e9fc439cb9d1af8c26560a98052
www.etsy.com/shop/chezbonnie, 69ab94943239e38243c90ccd048e18f62f827ea0
www.rosemont.edu/, 995bf922142a56d2118e63bb81ceb36196778728
www.pogoexhibits.com, 2fd3742520f89fced5c1690fffa0188292e86933
www.indiekings.com/, 0dc1783690e84d0ddb32a7b32f2793ca1db938a2
www.phishme.com, 2038965f18f5bfacba4e430e23ecd6f9bef8403f
www.cnet.com/es/noticias/mac-malware-microsoft-office-word/, c1d18ef74738d31c82b57e373efd350e598353ed
www.forbes.com/sites/jeffthomson/2017/01/31/why-cybersecurity-should-be-the-cfos-job/#6e55cd174a31, 1b807fb3c56ebadf3d61438dcd75ffdd972c8cac
www.techdata.com/about.html, 46c254e7d450df9364a1d9c058a0de164ba692fc
www.youtube.com/channel/ucdrxhnvwlpkkw3ftkpjpqoa, 22f1d0ef5b0546051fad2fe5feb31f423355761c
www.designmantic.com/, 79d9aae351a26439c9cebe52bd1776fb3b4a02ee
www.youtube.com/embed/5xqznij8g6u, 1ba45e71109ab60f11ff3e92eaa9e94cbeb5449f
www.corsec.com/, 62cb916f8b457b41701c0b7dac6dcdd1f3ac45b5
www.punchng.com, 0b21d406ec9acf7780b7ffc4d4051ebedf181a32
www.generation-nt.com/, 8d3565eac7d51630bfa78274407ac8bc511cedda
www.iphonehacks.com/2017/02/best-reasons-to-jailbreak-ios-10.html, b991b712230fd97b5c864d3af2160afc15742efc
www.threattrack.com/, b7b33430c99bf3da5eac0e5ca439eb2f22072501
www.instagram.com/i.anthe/, 1763446e0ff99d2fbe59afca24c66939fe36135a
www.nextgenrm.com, 0d81355455cf930e3e0f4a344e625fad5987acf0
www.twitch.tv/averageredneck2, bf6363bcd03443be480288a5408cefbc68a97582
www.digitalarena.co, 9df3ffc64ecb5119e82482b0651cde97ba8b579d
www.efficientboekhouden.nl, ac63195a0336a68cfc636f81058fb8c708f4947c
www.usmd.edu, d42cb2dec6bf8e2b9e79757b1db05bdfd752c5b9
www.coresecurity.com, e3d94df01100adc5b57962c34f895f2f9f9d5847
www.somd.com, 607928d50631978126d6a148ebc4604fd518015a
www.jeremiahgrossman.com/, ff527b8161fa3695dc923177e5d6e5df5a38b10f
www.furaffinity.net/user/otteroo, fa698d0313d68f9643355c6be4549c0d12996b74
www.enterprisetech.com/2017/01/05/machine-learning-online-security-2017/, 688977e67536d289ec5a11462b2167b38b186776
www.instagram.com/gentlemanrule, 1a08cf305287d19fff8d2f34411206eb171f0df7
www.instagram.com/richardlooby/, 38be92d8bebe24a8636f95b0e2396712e94986ce
www.tripwire.com/state-of-security/latest-security-news/memory-based-malware-uses-powershell-scripts-pentest-tools-evade-detection/, 593001253ecabc6d39e71b1ae4d9ef8b98a0a137
www.thenation.com/article/house-republicans-just-voted-to-eliminate-the-only-federal-agency-that-makes-sure-voting-machines-cant-be-hacked/?utm_source=sailthru&utm_medium=email&utm_campaign=daily_2017_02_08&utm_term=daily, 1242e61850489d0ff4ef29f8420c2a978f283501
www.malwarebytes.org, f4a9829a73fb03d9f976f766d761dea25d977bf5
www.brianajanelle.com, 18e48da82894166b07f54b36af3198c3fc39d6a7
www.redport-ia.com, 3f8313528456737c4e14dcf0c992a1c5ef63a016
www.maastrichtuniversity.nl/ecpc, 4536f57bb02b9e5a0bd394bc745a995538308780
www.instagram.com/callmejackss/, 18311907ba1cebec3cf8050f65795792c6e27286
www.cert-bund.de/, cab8b9ff2c14d5c808e79c263e5cbc38e6443725
www.webmanagementconsultants.co.uk, b22377598196fdecc2a043ed8dff42595b0e5f26
www.dell.com/en-us/work/learn/security, 4253176af3689ae38b7ae157465cf4d637356e2f
www.thenation.com/article/house-republicans-just-voted-to-eliminate-the-only-federal-agency-that-makes-sure-voting-machines-cant-be-hacked/?utm_source=sailthru, 5987c9dbfffd2731ddf14694150c3bf46e2ce7a7
www.nytimes.com/aponline/2017/02/09/world/europe/ap-eu-russia-hacking.html, b00dc0e4f30c5306c3797ad6fcfdfdb78772ae85
www.degeschenkerij.nl, ea7761ae8848c8d136241100292b42c507f611fb
www.cbc.ca/news/canada/north/qia-breakaway-1.3973192?cmp=rss, d389928bd4297ba45eff55900d6812ea50f01582
www.phishingusertraining.com, ef29848d9dbb7538187af7da2159d112a22478e0
www.icze4r.org/, 40ee6b073b0fcf7b0a01ffa27db9e485b8c7a6e3
www.rt.com/usa/370567-wikileaks-obama-russian-hacking-docs/, e8a75cebc2ed499f2868a279c019404b9fc4c7ae
www.facebook.com/bjbeeleen, 71a3b0aade53def19da1f723a82616a21bb496a7
www.phsc.edu/, 76359afc4344e9769f34ef0c190b58287d834585
www.technologyreview.com/s/603556/neuroscience-explains-why-we-get-hacked-so-easily/?utm_campaign=newsletters&utm_source=newsletter-weekly-computing&utm_medium=email&utm_content=20170209&goal=0_997ed6f472-1d9fa7546b-154304021&mc_cid=1d9fa7546b&mc_eid=eff9e21275, 7a7ad36e33b9d522043681a442e836e5641c5b93
www.mondaq.com, 93b0502b2e97d5d5182ba9b69c5625b6795f207a
www.lee.org/reading/general/hampsterdance/, 23f94ddaf7c8d6229d48e8f5ea81ff2c2eb8b178
www.instagram.com/angeleecianno/?hl=en, 5873ed1ab5f555cb0066d285ff694b3be7d9bfff
www.chronicle.pitt.edu/story/cybersecurity-experts-gather-pitt-discuss-russian-hacking, 97be26ecce5a0e384e5eb6ed7a46714852746a86
www.servicenow.com, 1a1cb02e5c0e5770e0da2ac86b9cbf8c0e458439
www.theplaysthethinguk.com, 2f0ae40c073ee165a97d82ce5a886978dce0a258
www.umggaming.com/rehlentful, 06df676e3c90a54d6bced4a18d8efe856ee4de37
www.facebook.com/gtridev, a385fa4dfb4c5b5d5b3ccde9a9f0d57147c41bf1
www.tbandp.com, c1bfb8b6febfe04a924abfe8767f7c829487f3ec
www.eanmeyer.com, 4b5c05733acef0c05bc876782537b19dc5248b88
www.meetup.com/hacking-health-toronto/, b022e1d5ac5f19785daace90a8c59c8d38cc0b62
www.anesth.med.utah.edu, f52d6b5081c6add4779113d6d953f51fe7737c1e
www.pixiv.net/member.php?id=3586861, 690fb87b9ee37576878a0f03dbeb2885943e04c9
www.linkedin.com/pulse/my-escape-from-clutches-ransomware-andru00e1s-mihu00e1ly-tu00f3th, b3b68d8e8526b0ca5d65b040037166170b4d98f5
www.acalvio.com, ca5a5b0d15d74cdee0e0913c6a3a688802edb601
www.crowdfireapp.com, b4e8e03237b08e8749299838eb113102fc5b79fb
www.example.com, 068503358dddd23cf6cf00f5d6ad9a45cd0a8e03
www.cybric.io, aad689fa4f4e3610d064f603091ccd7e3f37ccc7
www.scoop.it/t/actualite-defense, 850351423e9d8efeeed5f10fc8c1fe037de21494
www.launchticker.com, 3fa1d2179ed4ebc63168bd615bc97230e7669856
www.instagram.com/mhaskell5, 3f8b99f70f09c7bd8a7ff589d5187aa61d0e0840
www.marsharwest.com, 653c119be8495c8d2f07a39cdd0d1c36cc725151
www.wired.co.uk/article/freedom-hosting-ii-hack-dark-web-offline, ea436a224b0ce1b70da1af56b1aea94f5e1c091c
www.ohbiteit.com/2015/09/pizza-cake-hack.html, 7c7a776d8a54908da28e7ebd645ba10c8f91f73b
www.uschamber.com, 1329f731a7260a447951c4df474d7285cb5cbe04
www.github.com/ishangirdhar, 3464421a90657bb56060e5762eeeac71dbc6b1bb
www.twitch.tv/hiiimluke, c70cc56c159486e5fc00e42013b2d13cb5a0c1c7
www.tacticalflex.com/, 3c63feb04d198bd8c238722212cf7d13e7e51e9b
www.sebscho.com/, f3929deabdda8fd86fa83740ec1d670fb7318812
www.mediamentoru.com, 8b1b834450621128da8ce9df7db065f1e02684f3
www.forbes.com/sites/suparnagoswami/2017/02/02/indias-cyber-security-startups-are-gaining-traction-thanks-to-demonetization/#69b557897673, 98c20a2c8c7d430e1e92b5cfa5052ea5d9f60ed0
www.threatpost.com, af385fa649f43fa3b6abedf42339b7dab4387dd4
www.iphoneinformer.com/, 84cc4a82090d4bf03fd770203c8d87b362ea4fe3
www.google.ca/amp/www.independent.co.uk/news/uk/home-news/phone-hacking-the-piers-morgan-connection-mirror-admits-some-stories-during-morgans-tenure-may-have-9817258.html%3famp?client=ms-android-google, 8f92b3401a2cb3ca23eaebef9fee04c82adedb4d
www.vz-nrw.de/phishing, 216c03d9b31f0856487735d60da8b9e978f7230c
www.6point6.co.uk, 53e5688d9f7f5374d299574cc25b69e173aee114
www.linkedin.com/company/the-heart-warsaw, 8498ad1ef101b1967c5a33ea696168332b2ddec4
www.cyber.sc, 41937c213e982f5fddc2d4347991b33112433d5a
www.nationalreview.com, e6486d606c9c93a1f83dea16befa18d4956b624a
www.reasoncoresecurity.com/download-free.aspx, 5c37c923b2fcef7de28f48f2679f17073d1eee5a
www.apmg-cyber.com, e732bc5d639145cef1a9336753807c927a546df7
www.mta.info, b04bb0c6fa6fe82df8782a744d28b66af5fe51cb
www.facebook.com/dan.shapiro.125, 79570ebc3d6783f30d89d294db31f8eef1168524
www.undernews.fr/reseau-securite/phishing-hoax/les-attaques-de-phishing-dans-les-medias-sociaux-ont-augmente-de-500-en-2016.html, 061027f48694e3f4a02e6eb651b3d8126146ab33
www.homeadvisor.com, 765598a61802b3706b282f71ced9814c27e5426e
www.twitch.tv/shantao, ff093724ea222cf9f7ccf24b3705f875bccf598c
www.linkedin.com/in/seemavijaysingh, 81c148626a48af3ed4ef1f3b052228ae5436c521
www.groupejeanpierrevernant.info/, dc294fa07bcdbfc693a7b1ee792b53854eb7e847
www.instagram.com/hackedbystacy/, 507a1cb3181effbd3187e4cebb57941895527821
www.facebook.com/jarrodandmates/info, 3a597184d23fbdf6e236c1efdc21b73cf211f080
www.dogmag.xyz, dc34ea296e5f39f6409684e6484cd8f3f20b6e7a
www.pinterest.com/opscenter/cybersecurity-digital-security/, 478969d30b96aae1927742ab600993eb2bf10b99
www.tekbotic.com, e28f112a102a722c8c5c74289a17b78c197655b1
www.instagram.com/mshafiqaidil, 325f9d5ae1271f7064952208d8d78dba42fece5e
www.amazingcontent.io, de7c1b149fb78031ef7d71826065b5b90beba3b4
www.thorntons-law.co.uk/, 8b1d6e133f0bb5ffe8fbb30a308be1f67d26a80e
www.craftmeister.com, 8791f0a0dbc93841c63ca9976d83bdeb5986ff34
www.blackblushmakeup.com, 78acd92cdc1f09b8e06a7087739f9db5db2fad29
www.hotair.com/, c0965592957bb6d2997c20f0ae158e5b6a2a7ccb
www.maureenogle.com, 9b7654a8b8f02c46bfce726d064559fbfda18178
www.bing.com/news/apiclick.aspx?ref=fexrss&aid=&tid=b75c40f676694d30b46e969f0938179a&url=http%3a%2f%2fventurebeat.com%2f2017%2f02%2f08%2ftrident-capital-spins-out-cybersecurity-focused-firm-and-launches-300-million-fund%2f&c=16028395676805151119&mkt=en-us&utm_source=dlvr.it&utm_medium=twitter, cbb98d14474c7b509e55c85d6f63477e36769933
www.entrepreneur.com/article/282077, 505672974b5d54853077ce362beaac03a4fec880
www.digitalendpoint.com, 747c0c60ccb3df278974451c180bf437094c0dac
www.tweetcaster.com, e0c610e42996cc7249a361393afa3874cc7a7bd2
www.forospyware.com/t528375.html, cb5e88075f374075845c038791f822c5317a1792
www.nowconcept.com/impressum, 50182a56d56c3820a3000cd3625fa9ac19b49b2c
www.errenskitchen.com, c1f7c7870181bf002366aaba7a5f954057433ea2
www.malwarebytes.com/, 4813684d5f894b74ec7ce1da2ed429b78a0abcbe
www.facebook.com/#!/megs.serena.imperium.silver.crystal, 29e19d72b105541fa5255989db00fdb58490f563
www.bedrockautomation.com, b9af9c07a7c0c188654a11d6df960b701030b603
www.infosecurity-magazine.com/news/majority-of-websites-are-vulnerable/, fd3fb78157118fec27549f6a141bb08477171358
www.archives.gov/files/press/exhibits/dream-speech.pdf, 5c6fe66ac81c68050b9d2a2a3837d50cee5e41a2
www.furaffinity.net/user/sugarboy/, 599cff5021442d3dbf4779f718f605eebfe3be7a
www.globalcyberalliance.org, 63f3c35e8109e44196ac3c0fbf86ea4352c46a25
www.innofied.com, d5f86e5a732aab7f1b320ebb4469344abbb0ef54
www.nextgov.com/cybersecurity/2017/02/government-must-pick-between-bad-options-encryption-debate/135247/, 5cd88d1c28ca4a0777e5dc7d101ccb020ef34efe
www.soulsailorconsulting.com, 42b663add0899e1fce77dfec7f4082d5e12735e7
www.dentistry.utoronto.ca, d8c79cb57ed3aa3787dcb683b3b578205be9ef37
www.politie.nl, 2a36c06cbe929ee969726b70509d5db811bd4cea
www.wileyconnect.com, c82174af48a15a4ae23b27154f66df47934bc066
www.google.nl/search?q=hacked%20by%20rxr%20hacker, a4ff1f70a08a3d4b82ffd63b3ff15763ae5c28da
www.washingtonpost.com/people/terrence-mccoy, dbfbd4d13395f89e894d0a70f4145eced9de3b29
www.varadabhat.com, e8d8db5eb79b511f8d56b96157f4ba7e03ef098e
www.novitex.com, 959a9076d675d7a31d44d4dc467743ab27ae1862
www.vipreantivirus.com, b0965169a8cb9f14c8c14f99a209e784ab5b4962
www.tandem.la/temastaig, b5f29b359387c7d6103382a4e448829982c3261c
www.instagram.com/riqkeem/, 98487c8c1495deeaa5480ceb4e5d5ffa4dd6bdb2
www.fbi.gov/wanted/cyber, 8b802eb5a1fffad47190fb7e016314a031280482
www.instagram.com/evellyn_ccarvalho/?hl=pt-br, 1bd2a01f90b5c56459c0a54d67c72aeb0a509f77
www.instagram.com/khaversiddiqi, 4848279cefda25ecfa8367e6b841d9f0bcebb51f
www.forbes.com/sites/leemathews/2017/02/09/new-mac-malware-found-hiding-in-a-fake-adobe-flash-update/?utm_source=yahoo&utm_medium=partner&utm_campaign=yahootix&partner=yahootix&yptr=yahoo, a08f3a7c31386a899f32e765a48b9a73b875fb63
www.instagram.com/shannon_grace__/, fe20f94e995a040165632b3b223d3f328f04c1d9
www.ylventures.com/, 0bb3b797915ca2b618e958b8f1dee27b32898d08
www.test-net.org, cc04ac71f8fce35d533e823f262a20796273f82a
www.securitystreak.com/, bf86cd663c13ffe47b16bd019760bee8dfcc8b07
www.linkedin.com/profile/view?id=35076438, c170dd72e3a571368ed2dc2356a8a398215abdf4
www.intaforensics.com, 7cf2245417519d1f0a3451bc8466d342a9c3cee6
www.hwswworld.com, 2dcfcce812e1a5c0e7cc6d490de5d25bca818636
www.winterberryfarmprimitives.com, 080664235ee493b2c3be5ea08031838cfed4faca
www.cpgconnect.ca, 4affddac0a7a6ea59ce7bf13a84d91620b18cde1
www.stealthbits.com, a5f21a4a0876ed15f66862d7519bf4c885cdb92a
www.ibtimes.co.uk/erdogans-son-law-ordered-sex-swing-online-according-hacked-wikileaks-emails-1595159, 7a9e64610b395bf37e9294f37c7e351b67438a55
www.instagram.com/bringitbackmack, 667421ad181c62753815683843c3269c28da2835
www.linkedin.com/pulse/london-blockchain-week-hackathon-2017-thomas-staley, 5cbbe5062bf8bd989fcbfd6c930baaf9c42cea11
www.meyerrose.com/, 155355916a96eec61b4c19a1a978884a2cc2a613
www.rapidadvance.com, ed440bc5095567989340b4c67f10a92b51f9b9b6
www.instagram.com/enesgs59/, adbd003bba5f7ca5b4282db50ba0032bfdfcf370
www.policyalternatives.ca/publications/monitor, 40e4f3138a713f105d8a993573bfb7d354c5ea4a
www.secureciso.com, f835476781d4569699763af760100f021232149d
www.soundcloud.com/coasthouse, 1896ce7fa21994081d71d6e968a4ea37056e5825
www.linkedin.com/pub/robert-mckay/11/288/552/, 89116f90e140e881bea1a9d3c470d0ab1d59ebcf
www.redmondpie.com/firm-that-helped-fbi-break-into-san-bernardino-iphone-gets-hacked-tools-leaked-online/, 74ee2852ae0adb0dcedd9cb50913cfbe291f7f6d
www.fb.com/mobiletechhq, d7ae1c2d60a686522bb29346fffea66c3825c997
www.rand.org/about/people/s/shurkin_michael.html, 32640a68ea4944c871a5db9dcf140d2bdb07d85b
www.reddit.com/r/jailbreak/comments/5t0cwz/news_openssh_updated_should_be_out_soon/?st=iyyn5eo0&sh=ff794535, efe52c5a6a3e9536ecf8fb36051e408ba1fc0ea5
www.atomicfacepalm.ninja/, 4cba7fc99007b0bcffc3cb8fc780925e272db078
www.eitdigital.eu, d0b12033768a8fd1d2783eadd603cbbec4ef7e7b
www.google.com/jigsaw, 96f2d8a7800bf8cb17ccb368b0659222cb5615a4
www.instagram.com/amandaaisy, 9ef94ebfd84c72c22e68be7f4b9e9a943285a3d8
www.herocollector.com/en-gb/doctor-who-figurines, a3361c784a8936c260f3586e412f20ea3182a736
www.proxyserver.com, 846c686b96aa45330b4137e0d0b451f7656f21f4
www.risksense.com, 3d322988358cfd8fd382fb692636ce7c80d69485
www.aivanet.com, c762cb044a30f893d6a4500175c2201d9d997b49
www.theguardian.com/science/series/raising-hal, 71189814ce629641b9034474c39d395453484792
www.securezoo.com, 2521d3727d75a711dc3c1e3dc0afdbafeb85bebb
www.die-gdi.de, 6ddbdfc28a44da4e4714aa16b60d50e0e7126805
www.instagram.com/silvanaaalmeida/, a8607cabd9cb50619ae3554697b33aa057a740bb
www.websecurify.com, 342474368158814b19c8ef801217dd97d335e9d5
www.thisismorpheus.com/author/anthonye/, 6721f4925b15e8aa598057afe14ec8bf9d0073b9
www.scmagazine.com/devilish-new-ransomware-hits-the-street/article/636444/, 8c35499ae9d47a36edc5edbd361faf4d304986e5
www.facebook.com/barbaraholliday, d0ae693895ecea7252b041f55b964b686c5a7a84
www.independent.co.uk/news/uk/crime/isis-islamist-hackers-nhs-websites-cyber-attack-syrian-civil-war-images-islamic-state-a7567236.html, eb0ba593fbec45be4001ee46433713d25cb615fb
www.youtube.com/user/ireviewsvideos, 8b942352af293498a165d465750cef158f6f991f
www.perimeterx.com, 2257a316ce3217b37e100cb6e6689fea0df43b0d
www.symantec.com, 57ce1473dbc183bdf835d39974ba003b0e19c62e
www.experis.co.uk, 5881abb70c00a54ffd15a1fe72bd99f5d049fb93
www.researchgate.net/ronald_george, aaf41e27e3a0b00166d5251a48c1fadb5446e3ea
www.trofisecurity.com, d8e153a30d7519e6c4338e3b5df2aedb8adeef66
www.sebastiaan.pro, 390d3a61112db85618c7068d6cadd7a3db183c14
www.bifm-training.com, 91073595800e8bae05c8629246f766142074dd88
www.kpmg.com/uk/rethinkingrisk, 64495afbd3c8a199ae2049c0248021341bf2c794
www.tuwindowsmundo.com/chema-alonso-evitar-el-ransomware/, d33cd074761cf2f26713c702faad7a1dee5857d7
www.youtube.com/watch?v=je57iezfkhm, 3cb2e722417000fa7a299a8c1110641f0f4364cb
www.cbc.ca/news/canada/british-columbia/bcliberals-hacking-proof-1.3972580, 0c2bd0703657b1583d12487ea3984e977a3e63ab
www.w3basis.de/, 85f850f65ba6e5f3b42a6ed97a2fbf85486fed8a
www.brennancenter.org/press-release/house-committee-votes-terminate-agency-protects-voting-machines-hacking, 323996b06e95864606ce9ebe11fc659e701751b8
www.hudl.com/athlete/2819542/highlights/297380379, e941d23040917324955a7a860f36c8708f0b6a7f
www.mattpickford.co.uk, a15fa2c7adf008bf0cb52390640da93ff649032b
www.instagram.com/adam_kiddo/?hl=en, 4c122544685aff58b4e26a70ea84115b36f139d7
www.realrandom.co, 4767c0f138b4003d6485c2e316b248c786a2d224
www.lauraingraham.com, 3f0f652e63ec158dbb327ff1fcbc451abcc127dc
www.lookingglasscyber.com, 115119ebffee8bc243ff948b22b152d6febdabfb
www.twitch.tv/megaman_tv, c4df4c760b7759bdaacd4bd4df05a8352a3c7317
www.nanyaro.com, 9c41d3a76c240053ce0a6f9216e1d9802116631d
www.cisco.com/go/collaboration, 1b6a35cb1b0379f8894a33f8934ffc11d8d5be5d
www.conversocial.com, 776489fae0a3b23a0e47261edf19173b4ea8f168
www.f-secure.com, 9fba68dcaac0c6244f6a6475e52b1fe288d90499
www.scmagazine.com/david-beckhams-emails-hacked-and-released-after-ransom-refusal/article/636560/, cff686bcdb7042dc201feda9e0849d9510590fe8
www.botfrei.de, 6a91b265a02581b1b9fbca00a024481ad3e24d79
www.paypal.me/chuckbaggett, 456c9f6a54cb58793b1419b0e7197961b34e2bfd
www.eandirisk.com, 685c3039812e7d4a522fa0dcb08a872046eb9e99
www.timesofisrael.com/france-said-fearful-over-russian-hacking-in-presidential-election/, 5efdfc3f68faeb9f1211163a2fdbb1e8cc1a8d5b
www.youtube.com/watch?v=iwmxext_x5k, b738d053907f84ce6d80495782f0426ab5591985
www.reconcomputing.com, 4a3afba5e01a56e59159d051ba838c609a1b8562
www.linsonproductions.com, 19c1df93d8a2cdb305bb708129fc553e3bb85f90
www.standingrockinfo.com/, 83d8e47c4516f1df5308c86f86097d8977d6b92a
www.digitalenlightenment.org, e2b25e89fc86747792d9a3c7fe04adcc01d7d165
www.peerlyst.com/rx5pi, 2118a4839b282facd51ca8721c57a69a2d3a1dd7
www.behance.net/adamfallouc303, 1fb651fdff008c246922e9a19dcc3eaf612b802b
www.heartsabustin.com, 103b08e1a3a8f510c421fdc3daea8397eb2fbdfa
www.furaffinity.net/user/tsume87/, 29414b632bc2c54121ca841c11cdf9fa48536c46
www.amazon.ca/registry/wishlist/1cthk8836e1x0, 4344e7327e168df3562e51dbf28098ba861fd874
www.cbc.ca/news/business/loblaw-points-hacked-1.3973619, 84ae9fc27973007e49162785289b0acfed777412
www.sharitapp.com, 42408c1fa0c35772f5e3914567765e691a74a0f7
www.techspot.com, 3113752d60414f5462488955ac4cdb7e98670180
www.instagram.com/wullansukmawati/, 34efb8b3b30d1c0032f6611f25e39c31da2914db
www.linkedin.com/pub/devin-judge-lord/13/686/461, b744a52f4c7552ce4af7dd7625ddf5029ba5b24e
www.soundcloud.com/itsmeddi, 95d2451a63f0af8f9275ab8cb6f10d5f3dbbf153
www.morgenpost.de, 943f219303f23ef73e858d80282d7af5829eb257
www.bluecollarconsultinggroup.com, 97426f0c0e325dbc82b59dffeb2f8cf8115e65d3
www.urbannetwork.co.uk, 489f29de38e277bdaf81c558e455613a06f0b7fb
www.linkedin.com/in/digitalkeith, 11919e37086d27df3421eab8c4d04688b00e2f11
www.twitch.tv/dancrampton, f2f1e4a88d9a49d96cf82bff9208709dc3148bb5
www.symantec.com/security_response/writeup.jsp?docid=2012-021616-0425-99&om_rssid=sr-mixedsecurityrisks, 183c5c0e6472c5f1684c2da7fb8dc1f4b2f8331c
www.hacktivist.uk.com/store, e128cdb2110e53eb333847ac1f9276b60ca8df60
www.webiron.com/bot_feed/, 5c47279c2d7f5ba0b9b824248c0b311b3a3f848b
www.myspace.com/truumusic, f8e98d493488650bd4c3113e04cdca1f19262528
www.styleseat.com/innercircleartistry, b811aeca92a399c6607f50cfd4636186405d8289
www.instagram.com/therevod/, c364da12a71e0a8402c2690523cfa07dc1dd82f2
www.associationsnow.com, 2c26e2fee55833ddb4d255951d1670af636137b6
www.symantec.com/security_response/writeup.jsp?docid=2017-020911-4918-99&om_rssid=sr-latestthreats30days, 94bc54fb53d781b81d12be67602d855eab15524c
www.thefallenstars.com, aac5bab497a5b39b5cdec3c9ca6273e7241705a6
www.gofundme.com/lisas-fighting-cancer-fund, 28d765eab289a91de9cc95484f5f67df92f2714c
www.bicesterithub.co.uk/, b725249788d93ce4713320f1f43fcf410835b4ba
www.generation-nt.com/banques-monde-malware-furtif-actualite-1939088.html, 9f142d3fbd331b80c6c112e72704a06ba34d089b
www.multiposting.fr, c9b038b97ee66bd587ee3a70c6e8f070aee62ada
www.securedatarecovery.com, 0245ae0d02f2b24cdb7cd67602b1492558c55dbe
www.entrepreneur.com/article/250265, 378dfa3842fb2c556a3b1690de746b0cc87470bf
www.google.com/amp/s/amp.cnn.com/cnn/2016/10/12/politics/florida-election-hack/index.html?client=safari, a2d304a6bbc5e3d595ca8020b26eb7da7f27bb07
www.youtube.com/watch?v=si_46dxihn8&feature=share, 4198283f403a64e703a7ce5833013fadea006350
www.mayacontreras.com, 7a811b1ce88663db60c8484b6b9c46fea298ed4a
www.fastcoexist.com/3068008/hit-this-hacked-amazon-dash-button-and-donate-to-aclu-every-time-trump-pisses-you-off, 07fe0486818a7cdb9af1584c3c1ac46103fe8393
www.tweetmyjobs.com, aadeb1c01aa032e3feb54286d0278c9917d10f1b
www.innovationworks.org/aboutus/team/experts/jeffreymcdaniels/tabid/320/default.aspx, ca59a21b361a46aba34f9fc1bdcf2af4f3a9858d
www.linkedin.com/in/stephankoch, 8b60ce0795d4785abad3cc95b5c8b39afa0409bf
www.scmagazine.com/attackers-steal-from-atms-after-infecting-banks-with-memory-only-malware/article/637029/?dcmp=emc-scus_newswire&spmailingid=16524299&spuserid=mzeyntk5nzmznjus1&spjobid=960720405&spreportid=otywnziwnda1s0, 0526a5b31b8343e8efad4970531525976e00bb4b
www.freakyfreddies.com, d1f937825093ee46504fc5c7c8f07d3a8cc196a3
www.hackityapp.com, 4541a553bde661e334a606da6a623352a0626436
www.schneier.com/blog/archives/2017/02/do-it-yourself_.html, 1df03296d7d626d1ae87bbef63c3a1a7998b5803
www.joeymcallister.com, f6e0a11004571685269992a3b456cce5642a3ae4
www.applefoni.com, 25e45d9ad5e5f55919e60f27dade78e31259ae6a
www.engadget.com/201/gq09x, 04bcc355ff31851ef6c4aa2dee87bf9ee4ee00ae
www.linkedin.com/pub/emilio-canas/1/743/b97, b2d2fe2a6652ece96510d560b828fa026f1e5fb6
www.linkedin.com/in/zeid-zumot, db879de262f7db42be1d9ad41984e27cfdc3583d
www.workday.com, ea23b0827158e586f2be989743fa8c5f13a09e87
www.facebook.com/camiilita.moralesgomez, f50685ff38c3c4fe5649ea8ec138c0d3c8b10029
www.linkedin.com/in/dan-walsh, 77b67e45b7050d7ae5661acf43695ae26314b18e
www.facebook.com/groups/innovascape/, 7280415184187ffc1e1b089100664a165fc843d8
www.spredfast.com, 73185f5f94e6953bac188bd4b9c4bae7d645f19f
www.democraticcoalition.org, 8aa54fa49e1f7434d54c1b76ea88ff4c42956a01
www.skyhighnetworks.com/cloud-security-blog/author/prasida-menon/, d6e176654b328fbc0cd465bc0859a2524d957b3b
www.ikeahackers.net/2017/02/amy-pauls-gunnern-bathroom-cabinet-hack.html, 80d56c97ffffaf4ebecae92ae091eacf23ef40c0
www.umiacs.umd.edu, 40300e674471bf07d0add46285587baeb9b2fb07
www.checkmarx.com, ecd9b0c44bbce0f0f23276aff0335afb3c1d4c07
www.renditioninfosec.com, c068989fcc8ca5d9318fc5bbe0c8578334cd78c3
www.schneier.com/blog/archives/2017/02/security_and_pr.html, 670b73b4bf8ebe237ac70d14f91efb851c836ec9
www.simon-everett.com/michele-ledgerwood, 64863da36c20aa8d65f8fd01bf581b747a5d405a
www.edgescan.com, 218d962b2194a3d03f32117be3090e9b6675bed7
www.pocketgamer.co.uk/r/android/titan+quest/news.asp?c=72945, 7e5917669b7fe1e751dc924adb302b45bdbddbda
www.endgame.com, 8a8a504e86dae7578e8cd66b894fc456e430cdd7
www.createdreamsclothing.com, d55f272ed837b2053248afe76fc2728e3e40234c
www.stopthinkconnect.org, 457dde574e4471cd466b8935ff1407fc3a6f4301
www.shailendranair.com, cce6a1d2511df57c8555c7152edc1bf54f06db27
www.linkedin.com/in/ashparikh, 9b31bcab82d3e2b4d7271e983989ec0c5ca2de04
www.northeasttoday.in, c36ba9f201d6e13efc73475b2049f858f5573794
www.technologyreview.com/s/603556/neuroscience-explains-why-we-get-hacked-so-easily, d19238f7c11ab531ed8e7284c6804e936f296d61
www.simnet.org, b026b82ca9bfd8967d40f14080f0e407ea8af7de
www.vanguardngr.com/2017/02/6-ways-bank-account-can-hacked/, 451433b6ced8098a09b9f2523ad75b764d80d580
www.lbo-news.com, 1c2f6b2bf2b13a9857f03d0a8dfe426380f46f0e
www.fastcompany.com/3066914/innovation-agents/google-and-tech-struggle-to-hack-bias-and-diversity, bbd47c2860c07e67d3e21aa4a318da97b4828689
www.debonairdistrict.com, d8b25332865a30c26d49188d25be900534090309
www.theguardian.com/world/2017/feb/09/russian-hacking-groups-last-member-at-liberty-comes-out-of-the-shadows?cmp=share_iosapp_other, 57b5c30aad36f4b3eca184b5e8d4f8973b232636
www.gamestm.co.uk/forum/, ff9e2004afc3da367c5402b00bfa056219a99e9a
www.washingtonpost.com/news/the-fix/, 6d277d8094ff38cca5e141a8e899b5de6fb80981
www.linkedin.com/in/leadandconnect, 2f37306f07c9c75351cc1b7d06ddb7af445e692e
www.sharppointbooks.com, 10c4637d8263f73bf4d67545a9c74c9e7cf260bc
www.facebook.com/toucheggs, 73c29b859841f84348a4df59ea2f9bc99f833acd
www.virtuitsystems.com, 91ea879b8e218fc626ee067f44f16f497336cc89
www.classcharts.com, c3d4e36ea3b9bf8886151af91bb9cf9ade687e87
www.linkedin.com/today/author/jamesljohnson, 5c35992d38144f95320ad8ae3703c355bb2c3592
www.diigo.com/user/solnetwork, 208e67bc781b1351175320171b549e124b4fca11
www.wilsoncenter.org/, 0e011af040d5698273c9e754416ba3794a00f139
www.lithium.com, 34401e380398afdd4f08547d4c32a787ffc6f5ac
www.networkedblogs.com/, 155fffbc1387460db02223832067a23bfc354d79
www.itspmagazine.com, ffce5e0f08d9fe92b83f351b64b2b06b6d4bb4fe
www.mysuncoast.com/news/manatee-school-district-suffers-an-e-mail-cyber-attack/article_ebd1722a-ecbc-11e6-b1a2-ab4336e02872.html, e46cf213cf646fd57f1abf0f1fbded8107e141af
www.vadesecure.com/, 7d5cc8891ce0ff9971b950a60244dcbcbe8d52c9
www.informationwarfarecenter.com, be632fd0a4146b31082fac5022cf4777845380c4
www.instagram.com/angelinajadexo, f8c4c9c976dde412ddf88ab305961699f643a93f
www.epublishing.com, e1b73ef3bcccf1bcf9333c6613f2932ad3af0e24
www.youoptions.eu, 4f860111670beabeb7dcc964ec3fb4d4a542df2b
www.infosecurity-magazine.com/news/it-leaders-and-execs-pass-the-buck/, 1ba23db05f28ed03b277e72240cd3c461ce230dc
www.rockboost.com, e0a7b37eea730eacde52bfe17dee14ed1fb958f1
www.trumpsingles.com, c58c8a355d87e46a2c2f021148d92af62cb7c40e
www.lastresortintl.com, 51b7989bc1f459c30c951715882d32e460123b29
www.instagram.com/md_goldfinger, e8fabbb60449515202dd5c7c69ef1e4f2f82c744
www.pardus.org.tr, ca5596ce702edbdb10d247a631afd5a52b317f55
www.wix.engineering/, 475c89cef002ddae56456e1a4c3d63d622e90cb0
www.prophecy1.com, 86e2e093e118254269bdbae87564ca801c1a2f4c
www.youtube.com/watch?v=myoga65xq-a, 41e5e6c7f8c50a7609319237f9f704d2eefb6cce
www.cybersecpeople.com, eaef4ff30f7b65e3d28c8bf4d9c7305f8650675c
www.wired.com/2017/02/programming-is-the-new-blue-collar-job/?mbid=nl_2817_p3&cndid=9593759, 6b3123b156c4f3443e368522cac777f6d9eb4e7c
www.gq.com/story/watch-the-closer-keith-olbermann, a910b022fe27b5159e40c6b999f14ac27d3ebac9
www.audiense.com, 9d0f33cb0b7f1ac5845b5333bf325b4c6c6de8bf
www.scissecurity.com, 41199ef3f634f4e46d6b83a162afaee474f01da2
www.globalsecuritymag.fr, 2eaf966584e9e75d8d739f20d153dd410ac599ad
www.thegatewaypundit.com/2017/02/three-muslim-brothers-professionals-fired-capitol-hill-spying-funneled-house-data-external-server-video, 16c309c494249099cb1b260277595f1cf01f9f42
www.peerio.com, 69e3504ff248af9a198739880c82e6b88f5ff737
www.banbreach.com, 062d63da3e20e3567eab44c42863fc51ef5a3f01
www.instagram.com/p/bqteihshgix/, 0958137f3bcb651f179e752a3d515248c9efef1a
www.mcckc.edu, 110fb62254883e6485e6498708851fd9bd6be764
www.sibergah.com, 7a8a40cf59ed1a1b323648c7c5a4bed842f33230
www.workingsecurity.com, e51781200fb9473b4311855103ee136f4babb5b8
www.attaintechnology.com, 8a9327998abf2222296de6700658b9114f1dc1b5
www.iservicesgrp.com, 9dedbcc4dce10ebb41e062569a6169919a07076d
www.vandermeer.frl, 6611d4673bedbe6f697b834898e27238be07eddd
www.instagram.com/lebatombari/, c69638272078aa76fcc9deb8ea8421804e2b81c2
www.infosecurity-magazine.com, 352c4fda9e5db317eb212d4230c3e2fcca19afe3
www.facebook.com/jorgedelacruz7, d750f32af9025ec27e3f8b316b12b630ea4d79b6
www.engadget.com/2016/10/20/nsa-hacking-tools-found-in-contractors-computer/, 97742c79f1cc4da74b931758d9857cce99b44835
www.safeinwarwickshire.com/, 8b97518c41a5ef87e1661a46939c4fe50eb96fc7
www.thetechieteacher.org, a0aa7fde3f4cf5987568d61a800ab3f3554ac680
www.osma.org, 861685f7262c16534eae6fa82750f051ae43a4d7
www.calysto.com/avante, 4c4b5add89e4604dce4b92425c0791755f1b2ac4
www.coffeephilosopher.com, 8e236dc991986039a1ef32b8f47da5d6a8bad770
www.kareo.com, 80d300a01cee29479564b0065aacdf6ec89aa30c
www.scmagazine.com/mac-malware-originated-in-iran-say-researchers/article/636865/, ede3116f5a54261b67a114cfc97a6782988116fd
www.terrafermamedia.com, 436a3ce76167e7262cfd675ee5061da8a1f6cd43
www.theseatfillers.com, cc8a7b4659372897abf1c3e7684b9505ebdd2b90
www.thomasmore.edu/about/president_welcome.cfm, bd57bdde6c6a2d556e8dbf983ddf8a36bad56374
www.eitdigital.eu/about-us/arise-europe/, cda3f3f02d3848c92b5666d7c98dbfff2915f724
www.secureworks.com, b4f12e94e826c1af283a8795ef65bada47d3d581
www.businessinsider.com/republicans-encrypted-ephemeral-messaging-app-confide-hacking-fears-gop-report-2017-2, 4575725b3e15511b13594f1de98aa4223e9dfc05
www.instagram.com/ash.shark, 0abf3a80b82c361b104cca6aa0a00de0c3365cf7
www.alexsicart.com, 32eb1d442fd2db7c41e5f0e9d0aeae4afcf89ef6
www.facebook.com/noticias-alternativas-1062189447136130/, 5bf29a986bf28ff9a724f00f18ce916488dc9f23
www.instagram.com/asyashfie/, fb6124feab8fa8b00ff5d2af0b7e41d4d9d349c0
www.esquire.com/blogs/politics/, 6b46e63413bf565a5317971814476b609f8c1c1d
www.securityledger.com, d8b107ce330bfecb8be36cf5aac007771d4cef2f
www.periscope.tv/thepatriot143/1owxwqmzwvjgq, 23995fc4e24c66af7da41c482cf54831f5e4907b
www.securityforum.org, 95fba4899cd815d3e11748aeb9ee6b070d113664
www.peerlyst.com/pos/3tuow, 7b3305c836472915d2c8e3b1a6b0643e5da3b4dc
www.weforum.org/agenda/2017/02/what-cyber-security-insiders-discussed-at-davos-2017/, 9bba4e6fcebaa3afa27a132e4bf1bf7c3767d86c
www.instagram.com/nuhaarenza, 2934d2983006b65a1a118df636bf9bff129ce7f1
www.wpsector.com, 4094b1ba2b0da8fdc4375db63ef64ddaa167b2e0
www.middlebury.edu/academics/ps/faculty/eb, 06f1d9dabbd16724c714acb9e69bbab913f6490c
www.ismgcorp.com, f04b74a6d31a675fd816f54c663970bbf86e79cf
www.channelhost.co.uk, 9c6d4aab3f9ee3d7e41b7c4f775822f6afc96ff1
www.wombatsecurity.com, b00d0cc739bf8504824fce476651cc695c3136c1
www.atsocialmedia.co.uk, 8722a3af181478ef56f16e272db0c3a560603f92
www.instagram.com/ibsenjg/, cff2c004a4809bf5b3e9c5272444db1850c8e302
www.americanbanker.com/technology, ac38a7d59d97cc26a28df364a1b59f87c051f8c3
www.securityweek.com, 079f3363a034066875e94b0b8301d661800b3317
www.engadget.com/201/ja0uv, 7c71c621a3755c513a167eb2ef4ec8b1b6bc8498
www.sprinklr.com, 02556d883b822ec13f0b3b4d745fad6fe0e268da
www.woodencarver.com, 92c6d025406ef0875237995c69a9da03bd8abbe5
www.tripwire.com/state-of-security/featured/french-man-sues-uber-after-privacy-bug-led-wife-to-suspect-adultery/, 60385117a035d1da43b983a5c844788dca364c2c
www.pentesec.com, a64cba908aae2da4ef3d2d1b608888ebb93fc951
www.instagram.com/melodiaa._/, af91a6ef9801e1e94960ba25ea581f97e870fe6f
www.instagram.com/broadcastdirector/, 93146b048a8c95c08d637e62261d21e6cba9f070
www.wissenschaft-im-dialog.de, 820cca68970c45bff23366231124773aee30e2ba
www.forbes.com/sites/ryanellis/, 37475de615c16831baee9db7facc05c788ee3efd
www.linkedin.com/in/christian-kengne-85a54277, fbfa252e1598f6283f66537233b0a978271ddd22
www.instagram.com/p/bqtne7gg9i_/, 1c48098e8c807ea98c7a5559af336a67b66e6509
www.zientek-global.co.uk, eac3954bbff583bfd54fecb2f96b5d63e91021b6
www.naylor.com, 81c791066863d1c345d3df858e747df4d70a2440
www.elliotbertram.com, 8962367305464f94a5e4077920e7be4baf1d42e5
www.birdgirlindustries.com, 159a4c8393d6ce0747da04373240360a065dcec2
www.whimsycouturesewingpatterns.com/, f069f606d2db8f8ea7907467ac86a5187df1e099
www.benchmarkemail.com, fbcbc5eff2335a742d5252d26b9188c7bcb72a85
www.greenwavesystems.com, d32d94551d33a20684eb0e21b4da843cb7bc84cf
www.engadget.com/2017/02/09/court-indicts-nsa-contractor/?sr_, 32653f887b235e02c95379e5af3b7cf0a448861a
www.forbes.com/sites/jaysomaney/2017/02/09/while-investors-wait-on-the-president-to-sign-cybersecurity-bill-cyberark-reports-earnings-tonight/?utm_source=yahoo&utm_medium=partner&utm_campaign=yahootix&partner=yahootix&yptr=yahoo, 80694a7a779bab67d7ba5333529d98a2ea8b7de0
www.networkedelements.com, 0aece994a337e583e07ea802a30772cfc0de394a
www.instagram.com/natachon11, 697d41a0b8969ccf0c2b4c551f955eaf940b4178
www.3siholdings.com/jason, f35178ec0b4e93d398630805e9a28c5b38c43271
www.instagram.com/emsterdamn/, 528ec06606a37e687668dbed39b35079657fe014
www.etsy.com/shop/bonniesgreatfinds?ref=si_shop, 3485f060efb4f92003dd03b34c1c6d8ad294d9a8
www.secnews.gr, 3f272e14b27524c2f35fe3f8fe251a9d93423e1a
www.theodysseyonline.com/8-netflix-shows-obsess-over, 7d8315a8f6775211ae7e5d47f881cf929011c40c
www.bioconnect.com, b6b25a7060926662f0dcd415b5a8b9ef98cd28be
www.cyberheroes.be, b8f90a660acfe5414d28b964a282c3e50ca4649d
www.zdziarski.com, 2b4c49739fa6a2f332d877d3c174489367385ec0
www.mcafee.com/de, b05903c722996114f6b7a2fd15e3f69edb9a59bf
www.forensicexaminationsuk.co.uk, 37d4ed5477bd4fea6604c49763a895ecf25672ff
www.thresholdimpact.com, 58e11dc570e693718eef2443a2fb1f5d93dcaeb5
www.tomscott.com, 2edba36102f32215caba5702da0875ff01994551
www.businessinsider.com/microsoft-word-macro-malware-now-affecting-mac-computers-2017-2, afb23c9032d7c5245f256a520b16684b40729e07
www.triplepsystem.com, 3445178739d1a898837af6967ab686568195c709
www.shopfreeradicals.com/collections/julien-solomita, c5efe897137b01d11bd307c8ac4be96ffcc4040b
www.outrageouscoder.com, b7b6407371370770e79b12b87b07b575a9f51094
www.techspot.com/news/68098-type-fileless-malware-related-stuxnet-has-infected-over.html?utm_source=dlvr.it&utm_medium=twitter, ea79521ac1cd2c86c2e4782c8f3f9c28f02fb4a1
www.instagram.com/im_dajannee/, 40e940c0c6e84050bd9f5413b1d9c06346827320
www.linkedin.com/pulse/never-seen-before-fileless-malware-infects-hundreds-global-griffin, eb9f6e49c2a407c24e9ac7f10a15015757f01ec3
www.instagram.com/iampbiancaa/, 10f5f5d3b554e7aafb8d25e40cbbb6358a6b92b6
www.geocities.ws/ajay2102, 7085dfab4141a049b462841e7524c9b67be4136d
www.rektstack.com/, 2072c41eaf64be00081d1dac8e9558bd1bf75bb7
www.antiwar.com, cd6559fc528534e98752e32b9dadbd743514faf4
www.sheriffali.com, 510421757c236ff0595d04dcfd1c0318b9507fe3
www.infosecindustry.com, 5a537021597673d320d14796eabbe432f0a412b8
www.makeworktheatre.com, 5f5e6e7fba0d1afdc132d21455afbc488832e8cb
www.google.com/amp/www.breitbart.com/big-government/2016/08/16/hacked-soros-memo-baltimore-riots-provide-unique-opportunity-reform-police/amp/?client=ms-android-hms-tmobile-us, a846c778c55625c0f56f7cb66a424434a717b47b
www.cultureleak.com, d68886ede3c921b21f4429621a7c99dff51bf49c
www.alienvault.com/blogs, 657fe071cdc62d586538acff5fe670bd0442d7eb
www.team-cymru.com/aboutus.html, 09b1881e49cc38ac3c82ce03a23834158640854d
www.firstmkts.com/, eff07a3a4db9bdf01d21a18da13b199ece503d7d
www.security-india.org.in, 85720906741ce078ae233a295ff6fd2b9e72a2d1
www.google.com/profiles/tmeyeratwork, aed85454d48849e681aa6b6143f917f214e6ce31
www.entrepreneur.com/article/283815, dcdf13418dae92dd6c2fd65b8bfed1dc7671c798
www.grahamcluley.com/smashing-security-podcast-007-ascii-art-attack/, e8d480c1f853cd16427c2a50ec2f82e00192e11e
www.netvibes.com/, a10699d2e0bc655d9f1d870ce9eb6dcc9ba471df
www.veritas-international.com/, be4c464d491d5ed2b0f298ab4216b253f94a1f5a
www.linkedin.com/in/fredmcclimans, 38315c9adde71e807bbf153333f05815b86a20d1
www.depop.com/wastedclothing, 959b9541f1642f360b34298ee206d262b34d691e
www.steamfab.io, 73403b68350012b3d4acaeec39a9bd1788c5392d
www.surfermag.com, 73952041dd108783149c8de445d3cfad7b593e0b
www.abovesecurity.com, 7a116596ffc4ddf6fd0ee73c55df7ab3fcd853f6
www.theregister.co.uk/2017/02/09/reinventing_endpoint_security/, 2d67e119ea5f0de6889c6c14eef91178e9f54658
www.heise.de/mac-and-i/meldung/manipuliertes-word-dokument-makro-malware-geht-den-mac-an-3621092.html, 34b40d0ac63099213406480f286d018343311f81
www.doclerholding.com, c5b863230c8236fee001e2e70ce4e5cccbc327a2
www.idownloadblog.com/2017/02/09/mac-malware-microsoft-word-macros/, e1bd6c8566f91cd386e55015c9be9d8d75e2ce2c
www.youtube.com/channel/ucbhxbqegrl5etgdpzpvt5fw, 568da7fad4b475748fd8a2d1bcc5c8c6ca9a6b95
www.talkingpointsmemo.com/, d769457626ba7d6fcfcf6d4eabc17017ff267335
www.ascendum.com, c274b41da0853ce27df978cc57ef787dc0ef6e28
www.bizjournals.com/austin/news/2017/02/09/austin-cybersecurity-software-maker-opens-wallet.html, 7fc5c9b3dfca26ae550a55ed60f6c6884a43c559
www.ambermac.com, 76942104cf0258fd606edcfda8e99353b6e58365
www.democraticleader.gov/, d144995fa0da3e366654e56dca995d712b671e8a
www.data-secure.org, 2de7cf99edca7794991d4512c50e42e26cac26b3
www.redstate.com/diary/ulyssesarn/2014/11/12/will-n, e7e52e4179d4c392428c22fa981f3976c0203ef6
www.thegatewaypundit.com/2017/02/california-lawmaker-wants-schools-teach-russian-hacking-election-video/, 6e1a9a65d37298cdd260d7fb616c9bacc77af067
www.stay-rooted.com, 196673a27ea68400f1267ec3c47bd638d1ee609c
www.good.is/articles/amazon-dash-aclu, 0d53195104128c9be6f614d96b923d2a599e1bb6
www.pandasecurity.com, 74c4d4a0bfd0ebbf98a7707fc3c57132ae82d33b
www.gremlinsocial.com, 4d5bf236f94da0f9b83dd88f59bddc47dc5def7a
www.instagram.com/jaianefacanha/, 725225c2b9da58fab71f18eb42d6fdfae821bf76
www.linkedin.com/pub/erica-gilbert/8/159/b96, 2b5b2671486fb171b4b7388d35d87fd0820e91a0
www.pinterest.com/arkkangel/, 5fcd8ef4e974eab2d895f23cebf495f79f09f2fc
www.palybea.com, c96e23ed1e14fef351173c1b047ba61ef415a70c
www.pornhub.com/pornstar/kyle-dean, df99e18f6f7d503408e251a069aaa018a47aed90
www.alertlogic.com, ebd133364d4de83e5b33c0d27cc24166ab087dd8
www.laboray.nl, 9cd5a5020fb186471c05a9de6cca429c8aa4d677
www.furaffinity.net/user/leonorth./, 72fe2838fd0a1497011a33dae16c75c56ee3d735
www.integromat.com, 84427d345042f359356e68f2688aef2d0e844d28
www.quietshenanigans.com, d8ca9d4b2798f3cadca45af50176f9ce71c98b3f
www.youtube.com/watch?v=s26u4-ffwi0, ca1b849259bf673593a32467abea3b0f3ee07903
www.arbernard.com, c50ab120fd465411d5712f6af3ba0186a71e3108
www.jimhawkins.co.uk, 74c2f0b410c1ff825986b92a178420d6d8848c03
www.infosecurity-magazine.com/news/triada-replaces-hummingbad-as-no-1/, a3f7858dec3cdf0e370148d4de85697a4e4eb333
www.rebeccadecker.com, 4e6c364e648a02e923defdc9f684c6a3570336ce
www.walkaboutco.com, 32771a20eb86240804671e37c82aadfd06d36311
www.forthelovecreations.com.au, a848e97da876f8932ec9dad94b2cf1ee1b21570d
www.amazon.co.uk/beyond-contempt-inside-story-hacking/dp/0993040713/ref=sr_1_1?ie=utf8&qid=14, 1cbfeb4b329e59c88a4769ac1200c8d6a0e091d0
www.aliciagworld.com, 6ce0fbdaf342ef48d790bf45a44148429424ee36
www.linkedin.com/, 96d482056b508a3c0d6ca8a5c7cd0b7a0ccabd96
www.jayajayamyra.com, 6cb44b034abd7bdc87074513fbf850da9b2c3b89
www.ikarussecurity.com, dc29c7109bb297c397d6db20096d55501271b269
www.webtrickery.com, 2265ab24284f3afcc7fb65b2bbcda94a4da2ce17
www.hervolution.org, f3505ff4b5a47ca4d786f3d98a35aad77d187a5a
www.securitysmart.co.uk, fdb14ab101b32c88b1303d19fcf4e2eb9e139580
www.vmware.com, f2fa742ee903641b9280d9cf55ab40ad04f5a5c6
www.kloudconnectors.com, 15d33d191fcf20efdddc935cdf1db93810bef0d7
www.instagram.com/awesomeantjay/, 9bb9d6a4ca83e2a4e64388ed0c731c709c92bec4
www.kaspersky.com/about/security_experts, c4d2e1a22bd650b66fe2b2a9a2e473c9d6f70670
www.motherjones.com/politics/2017/01/jeff-sessions-russian-hacking-graham-trump-hearing, a8d71bcc1634bf5740d73c80bbcd7309608e7b15
www.instagram.com/sneaktip84/, f2448f94bd2cc19fc6ef6a4e3baa01ee564271a5
www.mindcommerce.com, 3e4e226f98ee034fc8aff8c85da53f5584bc0e88
www.cerdant.com, 35d285b458daba85e27880f4d6c393101c071f84
www.oktopost.com, 443821388eece9c4586729226d9098148618bd0f
www.cert.org.mx/, f5f5f17ff0d9e915003f869a3ff96befd91a5da7
www.acronis.com, 25276db5a3fb758b86b2850ea17fa32b719bccb8
www.youtube.com/channel/ucaucksosv37db82z_tfaxuw, 2e1856806c934c08fa9baa1d0aaae760457c114f
www.veretam.com, 680bf8fa7700b95e570b92836a1c57e0dd736c81
www.apple.com/, 933e99cb97476c96550e5ce8fb381c3d0dbe226f
www.guidetoprofitablelivestock.com, ae8cf87bf58c162e8332d6c138cca0d9fe880841
www.scmagazine.com/david-beckhams-emails-hacked-and-released-after-ransom-refusal/article/636560/?dcmp=emc-scus_newswire&spmailingid=16524299&spuserid=mjyymze3odi1mdc3s0&spjobid=960720405&spreportid=otywnziwnda1s0, 97eaf35c2c33b1e2faad94450c144890b264921d
www.herjavecgroup.com/cybersecurity-conversations-2017, c461113cfdb0cf3c78139c0e754f68015fa8ffea
www.blogger.com/profile/09965616366368308772, ea62f18964ccb917af26bcc5f2d104b5e754fa57
www.google.co.uk/amp/www.independent.co.uk/voices/putin-russia-donald-trump-cia-investigation-fbi-hacking-jeremy-corbyn-brexit-prime-minister-no-10-a7472381.html%3famp?client=ms-android-samsung, 04f24457e1d03a1c117915f7fc5bba1958d9e940
www.google.com/prc/report.html, f2e3316211c2a3d12445104b79c1966f1ab2f353
www.maddyness.com, 0674344bf8d73d5f23bc5292743a428dfbcb79f1
www.darkartspodcast.com/, 46bbe7402ec53776486b0f4d58be24ecbfda7b76
www.instagram.com/itechness/, a083beaa1dd387ca26300cb63bb3a021f35f5088
www.tripleclicks.com/16994521/detail?item=411436, 737dffc00067ee86f0b2535fa977725d1c2ac07f
www.cbc.ca/earlyedition/columnists/pinched/, 567fb8b6d143fd7d095eaed9344b590c4ae27df3
www.nextgov.com/cybersecurity/2017/02/government-contractor-indicted-willful-retention-nsa-cyber-techniques-other-top-secret-information/135267/, a9e11813f3ec2754a237fae73b3292280b23649d
www.lastline.com, 09a7c2fbfcfc3e7180659cab78291e8598da13dc
www.comodesinstalarelmalware.org/que-es-netflix-ransomware-y-como-desinstalar-netflix-ransomware-por-completo-de-la-pc, c42e13141b122a33c1d259c512fcfbe36cfbeefa
www.synopsys.com/software, 9f7ec77eac9fd2f76809c3096d5470b1d5309d48
www.jonbennettcomedy.com, 9cb10f1604e51f04e3d64a09aaef8fb53d23dcd9
www.elquintopinonyc.com, 30e6c2eeb040e1570972a6d5f75ad35a7c7bcd50
www.nomoreransom.org, 2d5ef84b02b6ac1282e2ada4684ff6ef0fb2b0ef
www.doj.nh.gov/consumer/security-breaches/documents/babson-20170131.pdf, a7e1cce74d7503d7846ba33e1d4e8689a4b0f474
www.simpartners.com, 851508d6f5807a2c243ac0b9cf0cd281a986eb1d
www.mededdigital.com, e0c1bf357e855d2af44266ce5a67e32ad03c5b26
www.instagram.com/leroyborrello, 50374aed3b8e9701f49074fd09f459d3d9d980bc
www.sdxcentral.com, 6db2ae014d128ead9563a5e150827d661f5df303
www.lawfareblog.com/revised-draft-trump-eo-cybersecurity, 19dc56b4452d0b8179ec6d8efb5e836c019d092a
www.avst.com/products/cx-e/, d0aa4fe07196b8919836be344202790cfabcc2d7
www.infoinc.com/securitymgmt_daily/020917.html#909865, 657887b6e4343cc97ec128238e1c6d5c4778410a
www.theconsultingpractice.com, b37064e9f72f3b324cf5383bacf8bc16f8f3c46e
www.redmondpie.com/tool-to-auto-sign-ios-10.2-jailbreak-and-other-apps-certificate-on-the-horizon/, 43da62d34112d5ed13ab02f6cdc817d0baf79815
www.inverse.com/article/25644-malevolent-ai-artificial-intelligence-meet-cybersecurity, 39b08abd3341bd9cbe58cbdd75fd79ccdbe9fefe
www.werkenbijdeloitte.nl, 3fe0c766fffee9f24fe2c919c781c63ea4000685
www.forcepoint.com, 012bbd9ec5f61fb273213b2cd124c7b68c41e025
www.ohioinfosec.org, 4a1a73c84c599c8992fd2da39a7c2203dfd98ec6
www.instagram.com/qinashaha, 4c5d493e258e600a47e1886729a214e13fdc1758
www.techmeme.com/170209/p6#a170209p6, cff94817475fbcb7d62f151af3183dbdc42e76d1
www.facebook.com/#!/profile.php?id=1187228155, 82a21f4ecf329832fc16d65441d9f5dc3052d27a
www.wisestamp.com, 59f4a9ebea7d2a5083473ca3fd77101fc8b275a7
www.zimperium.com, c5fc9aeb2ff613d5e1334f64656c42a61175b4c1
www.facebook.com/audreybtannen, 57d2d00e411b734d30f2aeb96651399b8b6b7cf8
www.scmagazineuk.com/ransomware-law-proposed-in-us-state-legislature-of-maryland/article/636875/, 8b58b38b059d55b31ad4aed769513b2d0695c3cf
www.eldinternational.com, f9a0f6f1ecc4abb9d6e5fd8c72b1150bd8bfdffb
www.instagram.com/seancavaliere, d90761ffe6b1d60e1d57aeef66c823b7538e0b56
www.ey.com/in, 600808fb9a4a1d28e8863a5777b8c6b8eb5e0c63
www.instagram.com/grace.shann/, e8c5c10767ab543f2321c2e274d5e7ecca107dd8
www.youtube.com/watch?v=kyoiooshtrg, 31d2473cccd5f76b0bed8e3b4823fdf439b51bf9
www.instagram.com/erast.a, c5f03ba215221119fd3de2011dd37bc35d9c7d56
www.pixiv.net/member.php?id=769625, 94cad378b822da74785e582c48639eb9ebb2c996
www.camerondavidson.com, af8ff8815d278c81d930a53f5272b04b8ba01746
www.maryrosefitzpatrick.com, cbaf75a0ee98a02a6647ef300700aca574b48c19
www.smartbrief.com/news/finance, 55cbb81908b289689d515c19583255c30c269816
www.eagle-gs.de, 7238ada1c40f866459b7143832349fc8b1fc67f0
www.crumbd.com/comments/!63d44c1487464332/32-lakh-debit-cards-breach-malware-compromised-systems-in-mid-2016-admits-hitachi, 269281f55eb0e87f0d980311ef7d1911e29a51a8
www.linkedin.com/pulse/inauguration-hack-eric-kant, ed4b8ba94e73639f27036c25edf58f97e1c310c5
www.van-tomas.de/, 2f7e2ce88ab3495d023d123420b4f56651dc153a
www.beauceronsecurity.com, 74f78f221cda90f823542a8c2a2f69497a62042a
www.infosecureredteam.com, ace8de51af2d3fcef256f2ee507db9012b2abb27
www.rockstationlenna.com/, 7b2db0e5224d4b4405f21d16c9aea2e2fed331f4
www.cyberiip.com, f21e3bf95d7ca9d50baeefd177372545ee564ce2
www.theoutsiderproject.com, aadcbdb1607f78dd6eecf9ecf27555fd6440370a
www.thecybersecurityhub.com, 6e63f2fdf8dc4292ae209d5ab7c54415035836b9
www.meshfire.com/, c5563b9dee097ba65cdc988d11c8f634c1315b50
www.thefreshandonly.com, 08d8e2b9bafbfe0a884672e4d92290b7d43164ae
www.theguardian.com/commentisfree/2017/feb/07/russia-hacked-us-election-democracy-vladimir-putin?utm_source=esp&utm_medium=email&utm_campaign=gu+today+main+new+h+categories&utm_term=212235&subid=16951405&cmp=emcneweml6619i2, 555daa2b3034f6e195711e5b0f85b1de50d020bb
www.gentysolutions.com.ng, b0a2de444f8fcf7aeb7b7d34dca87347b14159bb
www.raleighservicejam.com, b7dbd57a2475c6ec10ddcc602ef4a514abd5da3e
www.shawnetuma.com, a37faf8a43f60bbde0efb0d33ab131959d9827a3
www.tsecurity.de, 99a6672edb5fbaa2af61328ae34dbe9ca768de24
www.streamlinebusinessgroup.com, ef934846cb9ec88dad69fe13dfc5269b1bc7e045
www.infosecurity-magazine.com/news/contractor-faces-maximum-200-year/#.wjytutlpbrq.twitter, cd3d83e086789a18cf1010bafc59fae702736879
www.maxwell.syr.edu/faculty.aspx?id=6442451258, 0286cb1298403cfa912f2a8888c66b030ad4eec1
www.techspot.com/news/68098-type-fileless-malware-related-stuxnet-has-infected-over.html, d2e6f24226be38ed5cf9e368a0392b42722850d6
www.doutornet.com.br, c1f64b24b01e7f48d17d64231ac26ea096dd0361
www.heise.de, e5229ec136892e00fcb79f822c192e7a2067a296
www.nvisium.com, 80accd3fece52dbab1fbb3177eb5dd970ff96060
www.searchenginejournal.com/will-google-search-give-weight-cybersecurity-2017-beyond/184145/, bfe27388c39dcc3ea7f750427837776e5a4202a7
www.farsightsecurity.com/, 9f825a2a37286f9d05d95169b7141a0fa9f593a7
www.stickermule.com/en/marketplace/16962-malware-unicorn-sticker, 0c2963c723f5291c73d029df4457f0ae3c96ec72
www.icsi.berkeley.edu/~nweaver, 3ef1d8f358a8d702bc25f89ffef81c434e77ffcc
www.mrtfotografie.nl, 77e25db93f4287980793b00252e0d7ed325a7b89
www.mikemcbrideonline.com, 0cdb9f2b128c55f8619c30c82239a1ef69ebf754
www.emptywheel.net/2017/02/08/how-hal-martin-stole-75-of-nsas-hacking-tools-nsa-failed-to-implement-required-security-fixes-for-three-years-after-snowden/, 3c6cec28a547075681ebfaf2edf8221fdc9a42cb
www.behance.net/falconixgfx, bc871c7e61edfa7e061082147ffa6a2cfff90044
www.correvedile.mx, 7fa993eee4ed549c6951fa7c8833141d31a95480
www.proofpoint.com, 38c507e79086e5665cfdc0344cd13e1fda6a3da6
www.cert-ist.com/public/, abd286635010ea471005a56d6057e17171d8b6eb
www.blackberry.com, b8db12230cb829e363a3d2f89801b8db6d925f23
www.bbc.co.uk/programmes/b04j9gny, c41abd3e674f46359c1e134932527bdcb2056751
www.thingsweheart.com, 1c71c097839e70ec45046d9ed9d4c039e5e25c13
www.mines-telecom.fr, 55b59dedda6d549508fd42df3cb3eec8c05b233d
www.newsmax.com, 62b5cf9ba028da159661d6cfc24cc259e7ae4e3c
www.linkedin.com/company/pgicyber, 0f3e9a575a882f109390aabb79006ad4c27714d8
www.heapershangout.com, 3ccea0a1515fb15ca0c0bda849849475b7fbe979
www.furaffinity.net/user/hornetv2/, 8d9a024175d7e2e482e6e7ee88a79f33655e539d
www.spirituspartners.com, 216572d15ca58b39f3957064a3f3a145a23896c5
www.insperienceit.com, 77da66fbcc98cb493a64a53914e65cf8a13c4c76
www.youtube.com/watch?v=eaoqwu6wmfi, 75883029ea4a9b3fb49f30211d96e870ecd35761
www.youtube.com/watch?v=pmwgp-msfsg, 504a25e02effd1ccce127c4a4e0d90e838513b4e
www.popsci.com, 7d93e9370993e5745176e21998e94d3704e283a7
www.youtube.com/watch?feature=player_embedded&v=atp-irx6n5o, 137a1802773427f1aa54d2444b21fd40c5c07bca
www.twitch.tv/sloane546, 43c38de3ce1aab0e3ae9d894d082f7c3011996e2
www.facebook.com/tenhopingodesorte/, b42369051919cfe1b967f5cef44c53d6900dc45e
www.liberalamerica.org, 9c2b9e8f6829aa71ef1a151e610b1b91e6bcf413
www.cbinsights.com, 6c6536bed5f3d24a206352e0ac10a23b476e0f75
www.rt.com/uk/376685-isis-nhs-hack-attack/?utm_source=rss&amp;utm_medium=rss&amp;utm_campaign=rss, 2eb68a66a984c9d59b5d940c00f2f93bbc77ecbb
www.dailywire.com/, 0c2b21e1b48e88589afac53def8d4a9b6d61d9dd
www.facebook.com/star-spangled-patriot-227828847641527/, 65572cee7752c06c8d8d8a6ed575794ac7414580
www.pace.edu, a860ccc5df76a8e82337aa02f740486eb95c342a
www.instagram.com/fitperonotanto/, 5adfa5068bafe82227c0340e599273d4e0895156
www.americanbanker.com/news/nothing-to-see-here-banks-latest-cybersecurity-concern, 02b1618dc99f1bfd4c828d8672708e8655bf4a39
www.slideshare.net/markb677/nist-cybersecurity-executive-overview, 532192902da74395a5930152ae777eabfc84e8ba
www.selectorsrecords.com, bcea6534bad156f5b325d96aa9bac53b4c75900c
www.scmagazine.com/study-finds-people-overconfident-in-their-knowledge-of-cybersecurity/article/636874/, 41c20b2e6dbec0f68085917afb66177c70bda98d
www.kpu.ca/arts/history, 1fa1ce492a8acd424a1823ed9c1ce88a9e6c692f
www.hhh.umn.edu/centers/cspg/initiatives/election_administration/, f374ee3976239eba0268a4146a032eaf1f6068fc
www.instagram.com/andykambc/, 8bbfc6df6a1ff7e682bdaf9641387700791924b3
www.linkedin.com/in/shaundwiggins, 378b4f74248475bfe509c9b74f6eb6744e25845f
www.albradleyllc.com, dce14a738a489afb4cbe6f30b295ac5ce4d7eae6
www.pulpart.co.uk, d81c0a11c600fd815bbd09c73586e33c34cdd577
www.rockymtn-afcea.org/, ec69c601b3d006f7275bee37bd12d51f3aad7e0f
www.beathelife.pro, c30585c1b778e480a81e0148a4187fe6945d22f3
www.informatiquenews.fr/6-acteurs-it-forment-liot-cybersecurity-alliance-50585, 686fd5faeb0bd9d4dea2481e27e8272a5e2da2ee
www.cardiovascular.cam.ac.uk, 226c96887dd28ca54194d76b354ed84900bb070e
www.inseservices.com, 04c4039cd8687d6afb4a984ac53d5253cc1cf558
www.facebook.com/nadimk9kanaan, 02ecfd43903d36501a4bc014d64153dab92af36c
www.socialoomph.com, 84759fd63053dc00504fd6c7cc64daeeac17e339
www.stickleyonsecurity.com, 9ab98d2b8e73c06109732d9b2424823ff8ffd8ca
www.reportlinker.com, 432854b0749755ab0d19f4bb31937d0ece36eab4
www.pressofatlanticcity.com/, 5eee4df1b334f170e7e95a64c35bf1f43ebbd263
www.politicalislam.com, 307cb4cc1518490bf921d0e990eafb8744bf9a7a
www.scmagazine.com/maryland-bill-boosts-criminal-penalties-against-ransomware-perpetrators/article/636868/, 331e075d078bd6e9d042903faff4223a2dab703a
www.cartoonnetwork.com, 4eb74bde2ce1a10da31177a6c23d7761bdd25d01
www.patentbuddy.com, 89ad6b345092487c37d43de311e2d5a1e0f95d29
www.appriver.com, 63574676bf92f674018d86d74e1b2e5bb8aaf38a
www.nytimes.com/interactive/2017/01/06/us/politics/document-russia-hacking-report-intelligence-agencies.html?_r=0, 49492fd1c541b72717394d887307724a6174a997
www.flipcatconsulting.com, 13f25e74b9115226fc8aa48631b1df0eda3dd937
www.berniesanders.com, c4d8e80eaf306a877c21c9cb750a34fc39d7be85
www.netsparker.com, 91b7ba933b4da35a9edf2048c2b47e061675cb68
www.tripwire.com/state-of-security/, 0539795724d5ad59a045dd21138d285511b6eae6
www.fredzone.org, d118eb87336c89640a24e2d13617528a94e8967f
www.washingtonpost.com, 02c8e56f8b3b3b48f3ec7711deaa230373576965
www.theguardian.com/commentisfree/2017/feb/07/russia-hacked-us-election-democracy-vladimir-putin?_e_pi_=7%2cpage_id10%2c8882684908, fcbddf18d1f8b5fc53429dfa6e314ec682adb97d
www.satoshitango.com/, 1780b977851df34c1064e627641adddf6a800cc1
www.forbes.com/sites/stevemorgan/2016/01/02/one-million-cybersecurity-job-openings-in-2016/, e18ae13cc2301c90bf3886d8aeddd749044c0818
www.helpsystems.com, 03bc8648e1848cb81c043fd83d84b1afb3f40ced
www.port80software.com, 73704042d4b56a8d397a759ac02ed0ba92482c89
www.bsi.bund.de, e3f040f7ccce6de9b65fca7a39ad022169ae277c
www.ibm.com/guardium, a7721630119a2e24919c3fc1a1cbcc0e4e962a78
www.onthewire.io, 2d0e19e9b49b39ea064a55dac40242125523d525
www.meetup.com/norfolkjs/events/237301148/, f9997056464d8c22ddeb686ed38934f7ae98da81
www.theverge.com/2017/1/7/14199232/ftc-sued-d-link-unsecure-routers-webcams-cybersecurity?dwmed, c96417b305b08a0176d0b5375c10e185b0890934
www.thecyberwire.com, 1136b8c14406d0f627800340ae79267600346f0d
www.dataprivacycareers.com, 4f84b189cb2c7454e6b6b39c903e5267a573a72e
www.trucks.com/2017/02/08/cybersecurity-autonomous-vehicles-concerns/, 1f5055a0294c6d0443e5800a2dae6a4c9bda5286
www.alienvault.com/training, 32173e3708320323975d834d1259ccfae729c717
www.thinkyoung.eu/, 3a220a078f3a208425367cf97223c4edf10ed3ec
www.hack24.co.uk, 0b921fc85d1de6aa8d883034b64ae4fa910de6c8
www.alpinesecurity.com, c0e13006a28cf3a8f8a09d37479bcf6c2f29846d
www.vanguardngr.com, d06f045f7d05cfae16e5b09198660b175b8f17a0
www.drmaciver.com/, ab42a0152281448590406861345d00010ce89088
www.hurricanelabs.com, 6ff0aea819ff17db0d35db68a6547dfecf2efcd4
www.uschamberfoundation.org/, 7ee9d1dbdd640b4631c92ba26cddd5be02684087
www.thejoesinitiative.org, 12602bd7c1ebf89d177201772e9cee2d931fbfb2
www.linkedin.com/in/mfguilbault, 5e1b10aa25e6d67f6fafb5beb517dc07ed538cde
www.paypal.me/cydiashqip, 5393607c4aee4b05a9630f5559775600b8614d23
www.sensepost.com, 9b01f9fb8b55dd56b5eb4e1d3e95e65dabf82134
www.inteligusolutions.com, 8667a5bf342330363c8995df02f0367c512dd37d
www.louisewhitebooks.com, e11cc2e7ec38a21f09e7325310c797c8031c359d
www.instagram.com/eloy_aldea, 1cb35b69e817f4b767036501ea8b28177f0982df
www.compassintelligence.com, 350c89c15b319d224a958bc7ad560e5cd2751af7
www.instagram.com/inmarketingoz/, e7d54c794d6d91fc3a9c0ea74dc12647f0f48252
www.lsi-connect.com, 3207944bb1a1e187422f23361126be5ea6a99fbd
www.tiredoldhack.com, ea1f5bb181d60772aecaf2f6aab1e67f8e955318
www.youtube.com/watch?v=s0xrtdytcvc, f1168b3d4d72419d00bcb3883885f0c7789fc325
www.etsy.com/shop/rubymagnolia, 468c5323016b250373f59fd63b1059c26232088a
www.youtube.com/user/deaddigitizer, 98d65ff26326cffa183a15a557d8835c95a3fbd8
www.independent.co.uk/news/world/americas/donald-trump-russia-dossier-file-investigation-hacking-christopher-steele-mi6-a7526901.html, a7e0348044b8ce18591ed97dda17cc0fd33f285e
www.facebook.com/ashfolks/, 085be6432399cfc590bdb71d1b925fd02ca3d6eb
www.forbes.com/sites/leemathews/2017/02/07/2016-saw-an-insane-rise-in-the-number-of-ransomware-attacks/#6f9b7b233468, 9493778677d0a690973cd160823bca8e09ba2eb3
www.instagram.com/miguelito86_, 54a33ef2031da677c9a566837ce115c91c39eef1
www.catchthebaby.com, af136f36b2f1f0193cc8ce2c30baafd6f5d97db4
www.sensato.co, 52f15e379b70631048c5ae69a5acb42353ea12ce
www.independent.co.uk/news/world/europe/us-child-hacker-confess-cyber-attack-brussels-airport-isis-attack-pittsburgh-fbi-islamic-state-a7571161.html, df19e825fc38b7a0c4c9f5adea93c9a0948f6367
www.mariogameshop.com, 509e3438311fd52dd37a7b8e092e3f4138eb030f
www.instagram.com/redvelvetfrappuccino, 68d115bbdd98c2889c119038b262e1df813f9884
www.minusday.com, e9ecd0d186df95847e7cee2137fb6e4ef452d53f
www.yourhorse.co.uk, cee372aa171b1614eeecd5adc28885ca8e8336fc
www.botlibre.com, 6dca12e1313cdab5cec331af199936665f03cc24
www.futurism.com, 37b7048f166ab84077939f04d585be38d37f4955
www.gigamon.com, d97c800ae8459cf6c4466a416274ad1976c417b2
www.isicg.com, 06a8993d29ff1bc6fac3cfebdb73ddcb18632eee
www.hackread.com, d3f6cfda43498f610e2240fc7b2d0c338f3ddd28
www.cambridgebyphoto.com/blog, 357dc6580b130c8671a91d337c54fe20549dbbf1
www.humanities.utoronto.ca, 490cc670d9fcc9de114eea0f78208310d0d05c5a
www.peerlyst.com/pos/5iz3g, f86a8fab83457a82d55934f83dca8afc501427e5
www.whoisjohngalt.com, 86e7de9e20032c40364e8b15cb573a731b5a529f
www.endgame.com/blog/world-meet-malwarescore, 092d689a7dad34fd0d3a9ac0651c12ac33f3fecb
www.sans.org/webcasts/complying-general-data-protection-regulation-guide-security-practitioners-103522, 07ad3c3d14255d6b88b01b0d60565f8fcb68b2cc
www.commondreams.org/newswire/2017/02/07/house-committee-votes-terminate-agency-protects-voting-machines-hacking, 899565d2897f436302099b447d54f957b5ba1d0e
www.facebook.com/surwillconsulting, fc3e724e98a7d35062d6c7456604205c70d47051
www.twitch.tv/canadiancarbon, 5e44d94b7514e4afaef18ea007d6a868f0970cd2
www.probrand.co.uk, 9f8173eedb5854ae513ae297afce59ef5658d129
www.youtube.com/watch?v=--zjjxbdkh8&feature=share, 05e09b4503e8fb70c5a2cadba24d0d6ae1b03fca
www.digitalcrimeabogados.com, 568c7961ecb6b54a0301bfbf13966d79c7dcb212
www.facebook.com/#!/angeliquevermeule, debda65916c13387330292ac8f32362dc2ef8040
www.chelseastieber.com, 91aad694e2c6072c05f1f9b1f20c0f6fae33c970
www.tumblr.com/blog/damian210, 6fa1ffe9e97c8f8750c2cf52cb9eb152236730d9
www.clarkio.com, 4e6d21ca1dc586c3ca85e32bbeeb3b88fb092058
www.pixiv.net/member.php?id=5381192, d2c5da07c68d623ad637dcee8a9683feff1ae3c4
www.truthmashup.com, e86817712d307754f9bb7cd596086d22b1b454fd
www.zerofox.com, ed6f7e8dc065ab3e3470a97fa0f2c72be399fcd4
www.youtube.com/channel/uch-0wnehppccrorfvtoryja, 276dfd7bea99d3593912077ff6724fb49a1be3d8
www.bizjournals.com/washington/, 6404168afaa6fbc2a989ed30ff675ebaf4e002d5
www.cnet.com/news/hack-your-amazon-dash-for-one-button-donations-to-the-aclu/, 917304dc90d88ea8f1661fe37333f1998a708f41
www.24brasil.com, e27595e9b26ece682f34d1cbda74bc7323a3c4c7
www.ncconsumer.org, 063b24f3dc492c68dd912074cdbd8d5fdd8131ac
www.smartfense.com, 625154551dcffdd337b40318a96e51ff89c8aca3
www.ignitesocialmedia.com, f9f249d3fc9fcb167dc2f19dd787df292ca9a6f6
www.softpedia.com/, b5d753729b5787e90a65db241fac11f8bbbdc636
www.wsj.com/articles/russian-arrests-spur-questions-over-links-to-u-s-hacking-1486296001, e4f8c4446dcc60c0255dc47d49dd4f3a9e63f4dd
www.erasmusmotaung.co.za, f3ec3e92ca6af23bf027e7288c1a7463fb376f8d
www.washingtonpost.com/politics/trump-admits-to-russian-hacking-even-as-he-attacks-us-intelligence-community/2017/01/11/40941a34-d817-11e6-b8b2-cb5164beba6b_story.html?utm_term=.f24598bcc33b, bc6c4a20301a07a28bff0d9d6a362ce363d3cc68
www.clientsidedetection.com, d525f4505d1fe37c094aeff040632155067f467e
www.youth2000.org/rooted, a1961f0c76ba869995ae5f15496e83fdd437ea99
www.theinveterateveteran.com/blog-1/2017/2/9/interested-in-cyber-security-here-are-the-12-books-you-need-to-read, c4828b0dedadbaa9bfa55aa68ee106704335cb3b
www.twitch.tv/amilliamalakar, 00bc20caba2b9189c477a38e8bfeb2bd2613bc8e
www.meetup.com/camcreatives, f5958632a248a71241bc5a5673caa4a745348317
www.advocare.com/150642369/, 45d47c9cfccf62c3b15a93a29952e98c8b1d3c9a
www.campaignforliberty.org/, 4a5f7add782b2336a9eb027ef92d4429a693430c
www.flipboard.com, 87d3338787ecbad9a891e49febc9f88a4fa9ed95
www.facebook.com/jcsura, 9d9ca964d4caa645b5520378c0fca05412c76b6e
www.buzzfeed.com, 38f81c7bafd5358d09157c9eb3c922eb26095a9b
